resource_state,name,distance,moving_time,elapsed_time,total_elevation_gain,type,sport_type,id,start_date,start_date_local,timezone,utc_offset,location_city,location_state,location_country,achievement_count,kudos_count,comment_count,athlete_count,photo_count,trainer,commute,manual,private,visibility,flagged,gear_id,start_latlng,end_latlng,average_speed,max_speed,has_heartrate,average_heartrate,max_heartrate,heartrate_opt_out,display_hide_heartrate_option,elev_high,elev_low,upload_id,upload_id_str,external_id,from_accepted_tag,pr_count,total_photo_count,has_kudoed,athlete.id,athlete.resource_state,map.id,map.summary_polyline,map.resource_state,workout_type,average_cadence,average_temp,average_watts,max_watts,weighted_average_watts,device_watts,kilojoules
2,Evening Weight Training,0.0,2676,2676,0.0,WeightTraining,WeightTraining,14626660925,2025-05-28T23:42:42Z,2025-05-28T19:42:42Z,(GMT-04:00) America/Anguilla,-14400.0,,,,0,0,0,1,0,True,False,False,False,followers_only,False,,[],[],0.0,0.0,True,114.3,164.0,True,True,0.0,0.0,15607875850.0,15607875850,garmin_ping_443319812250,False,0,0,False,142220621,1,a14626660925,,2,,,,,,,,
2,Counting Up with Runna ✅,0.0,2671,2671,0.0,Workout,Workout,14626114278,2025-05-28T23:42:35Z,2025-05-28T19:42:35Z,(GMT-05:00) America/New_York,-14400.0,,,,0,0,0,1,0,False,False,True,False,followers_only,False,,[],[],0.0,0.0,False,,,False,False,,,,,,False,0,0,False,142220621,1,a14626114278,,2,,,,,,,,
2,Evening Run,6126.8,2261,2447,30.0,Run,Run,14615609372,2025-05-27T22:45:00Z,2025-05-27T18:45:00Z,(GMT-05:00) America/New_York,-14400.0,,,,1,0,0,1,0,False,False,False,False,followers_only,False,,"[42.335901, -71.110248]","[42.335627, -71.110569]",2.71,3.42,True,167.0,184.0,True,True,31.0,7.2,15596020648.0,15596020648,garmin_ping_442964706526,False,0,1,False,142220621,1,a14615609372,}ikaG`c`qLPP\VNB\DnAn@^Xb@`@Zd@d@V\J\@ZMp@GDFPf@^Z`@Jn@A\@t@HVJZTh@RbAd@l@`@r@`@j@^rAt@t@TlAThBB`AH`@ZDJ@XPRp@d@RHh@LNHJJ^Pd@Df@KZCbAXTDj@DzAA`@JJFPLPVPj@Lz@NzABr@X`Bz@~ANVL\HHNDJHNDTLL@b@?|@G`ABHCj@H^VLNLDDRYx@Ir@Dv@FXJT`@l@l@p@j@|@^^x@h@NP`@t@PTn@zAp@lAVTp@Zb@^HDZ?lA]dB]XMVE~@[n@]REj@HRA~Ak@RCx@HLDbBRRCFE\_@JUDY?g@Gm@Dc@H[\i@Rg@D{@De@\{@^oAFW@q@Ou@Uo@iA_BO]y@_AMWSUc@u@Sg@MMi@WMMSKGE[CiA@]Eg@Oo@GoA@[AeB]_A]UCGDUZIRIfAgAlBKTIVEv@RbBE|ADjBALQ\GFODa@@[Ec@OYQUUi@q@OMMEW?k@L[@eASUAUUq@WEEY?m@CcAJk@@UGUSWOIKYo@g@g@g@{@Oy@Cm@G[]qDUq@MOYM[KUA{@@SC_@?MEa@Es@U[Bc@L_@IM?s@c@a@Ke@So@a@OOCWGOMKWKQGWA_BAkAO]I_@OMCu@_@mAu@yAaA_A[SOWIi@YeASa@AWBU?OGu@c@Qe@IMO?cATWASIe@Wc@a@OUa@]o@_@_@MOKe@I,2,,89.0,25.0,244.8,341.0,235.0,True,552.6
2,Afternoon Hike,3427.9,3666,4836,95.0,Hike,Hike,14604959778,2025-05-26T21:06:17Z,2025-05-26T17:06:17Z,(GMT-05:00) America/New_York,-14400.0,,,,0,0,0,1,0,False,False,False,False,followers_only,False,,"[42.217749, -71.113604]","[42.219932, -71.118712]",0.935,1.8,True,102.5,145.0,True,True,200.0,75.4,15584596609.0,15584596609,garmin_ping_442624640103,False,0,0,False,142220621,1,a14604959778,ult`Ghh`qLJ]Lm@HQ@MFIDQ`@_@LSF_@?U@_@L_@Bq@`@w@HMHWP_@T_@?EBC@BC?DYFIVs@Xe@LIDDBH?NCJBV?ACDCPKZCBCE@?CT?VBLAJD@BPMfA]jACPAJJXDF\HBJV\JBr@DDAHGVRHBTKRCTXHTRP\ABEECBA@DLGFBBDND@]ACG@FADDAB@??CEDB?C?@E?BBAE?@C@B@EAH?ECD@CA@@@AC?@AE?FACF@EA?A@BBE@HDICMAAID@??B?ELKB?AC@@BEEFBFCAAK?BDQ@?EPHHj@FZML?LFC@H?b@Vd@\x@VRB\d@XP~@v@JRVnADb@BvA?d@C\_@C[NM?CICg@?qAQk@QQ]@OLCHAFBHDE?BCA@F?HABE@So@AGUm@KSB@AAFGLCTDLNL^ZL\ZHTBN?bABr@JHf@ST?BBHl@@NCTKNa@ZMBs@AWM]YIM[QUEUOc@q@a@]_@UMSM`@Q^Md@WHmAl@c@DQFw@?GE_@G]S_AUa@UYYQI]Ic@Q]YUE[Qg@c@_@o@I[Gk@CIII[?MJIJK^IHKBSC_Ae@SEM?a@OS?[FKJKTUTYr@w@pAKJa@TYv@OTCPa@l@ARDbAGTDJ?r@CBCZENMPMDGFCL@P,2,,54.1,,,,,,
2,Evening Weight Training,0.0,3622,3622,0.0,WeightTraining,WeightTraining,14574874433,2025-05-23T23:36:48Z,2025-05-23T19:36:48Z,(GMT-04:00) America/Anguilla,-14400.0,,,,0,0,0,1,0,True,False,False,False,followers_only,False,,[],[],0.0,0.0,True,115.3,160.0,True,True,0.0,0.0,15552143434.0,15552143434,garmin_ping_441683970344,False,0,0,False,142220621,1,a14574874433,,2,,,,,,,,
2,Upper Body Lift with Runna ✅,0.0,2943,2943,0.0,Workout,Workout,14574803694,2025-05-23T23:36:46Z,2025-05-23T19:36:46Z,(GMT-05:00) America/New_York,-14400.0,,,,0,0,0,1,0,False,False,True,False,followers_only,False,,[],[],0.0,0.0,False,,,False,False,,,,,,False,0,0,False,142220621,1,a14574803694,,2,,,,,,,,
2,Evening Stair-Stepper,0.0,329,329,0.0,StairStepper,StairStepper,14545251110,2025-05-20T23:18:14Z,2025-05-20T19:18:14Z,(GMT-04:00) America/Anguilla,-14400.0,,,,0,0,0,1,0,True,False,False,False,followers_only,False,,[],[],0.0,0.0,True,145.7,160.0,True,True,0.0,0.0,15520289556.0,15520289556,garmin_ping_440704667013,False,0,0,False,142220621,1,a14545251110,,2,,61.9,,,,,,
2,Evening Weight Training,0.0,3229,3229,0.0,WeightTraining,WeightTraining,14545206773,2025-05-20T22:23:45Z,2025-05-20T18:23:45Z,(GMT-04:00) America/Anguilla,-14400.0,,,,0,0,0,1,0,True,False,False,False,followers_only,False,,[],[],0.0,0.0,True,114.7,157.0,True,True,0.0,0.0,15520242893.0,15520242893,garmin_ping_440703272008,False,0,0,False,142220621,1,a14545206773,,2,,,,,,,,
2,Loading Up with Runna ✅,0.0,3214,3214,0.0,Workout,Workout,14545196178,2025-05-20T22:23:43Z,2025-05-20T18:23:43Z,(GMT-05:00) America/New_York,-14400.0,,,,0,0,0,1,0,False,False,True,False,followers_only,False,,[],[],0.0,0.0,False,,,False,False,,,,,,False,0,0,False,142220621,1,a14545196178,,2,,,,,,,,
2,0.10mi Repeats with Runna ✅,6110.9,2290,2327,0.0,Run,Run,14534708322,2025-05-20T00:11:47Z,2025-05-19T20:11:47Z,(GMT-05:00) America/New_York,-14400.0,,,,0,0,0,1,0,True,False,False,False,followers_only,False,,[],[],2.668,3.183,False,,,False,False,0.0,0.0,15509035965.0,15509035965,aee951f1-476b-4d93-be8b-9e755b6883c8.fit,False,0,0,False,142220621,1,a14534708322,,2,,,,,,,,
2,Morning Run,5077.5,1763,1779,9.0,Run,Run,14508628452,2025-05-17T13:09:06Z,2025-05-17T09:09:06Z,(GMT-05:00) America/New_York,-14400.0,,,,0,0,0,14,0,False,False,False,False,followers_only,False,,"[42.323062, -71.045623]","[42.323053, -71.045609]",2.88,3.8,True,173.8,184.0,True,True,12.2,5.8,15479702068.0,15479702068,garmin_ping_439587408409,False,0,0,False,142220621,1,a14508628452,}biaGfxrpLp@k@^Kh@?f@GBCC_@j@oAD]Zs@F]d@yA^uA^_AZkALs@b@yALWXiAJUPMb@OFEFIZ{@lAeELMJWTgALYNk@BQBGRMX@ZIHDLJXz@Z\^JR?HANMNa@LcAhAmENqANo@HWVg@BQIYB[L{@z@{DB_@DKFIh@GN?ZEb@@v@Gb@?bAGX?b@CZ?h@EZ@~@Ef@Md@[HEJ@JBNPFXIr@@Rh@j@^l@V\f@v@h@v@LFFRb@p@V\JHdBpCjAzAz@tA`@l@Lb@FXBh@KbAWd@M\aAdBo@vASXM\EBUb@HIVa@h@mAPUdAqBp@{AHYB[Au@E[Me@MU}@oAu@kAc@i@a@s@SQUe@cAqA{@uAw@aAYi@UU]m@i@q@EKDe@@a@GQEIUII?_Ab@y@DIBkAH]AcAFOAkAFqA@e@HaA?IBKT]hBEp@Ql@]zAAL@LFNAJi@nAGXCj@M`A_@hAo@pCGl@IRKLUHY@QIWUUc@m@cCIGICMFGPM~@Qp@]`AaA~C_@bAYbAEP@FOh@SRu@XIHgBbGS`A_AjCMp@Uj@[pAi@~AOT?JBREF[Ak@D_@H]R[Z,2,,89.8,,258.3,333.0,255.0,True,452.5
2,Upper Body Strength with Runna ✅,0.0,2238,2238,0.0,Workout,Workout,14502260325,2025-05-16T21:22:22Z,2025-05-16T17:22:22Z,(GMT-05:00) America/New_York,-14400.0,,,,0,0,0,1,0,False,False,True,False,followers_only,False,,[],[],0.0,0.0,False,,,False,False,,,,,,False,0,0,False,142220621,1,a14502260325,,2,,,,,,,,
2,Afternoon Weight Training,0.0,2272,2272,0.0,WeightTraining,WeightTraining,14508628402,2025-05-16T21:22:20Z,2025-05-16T17:22:20Z,(GMT-04:00) America/Anguilla,-14400.0,,,,0,0,0,1,0,True,False,False,False,followers_only,False,,[],[],0.0,0.0,True,115.4,149.0,True,True,0.0,0.0,15479702099.0,15479702099,garmin_ping_439587408499,False,0,0,False,142220621,1,a14508628402,,2,,,,,,,,
2,Evening Run,6624.3,2696,3009,29.0,Run,Run,14508628697,2025-05-15T23:00:50Z,2025-05-15T19:00:50Z,(GMT-05:00) America/New_York,-14400.0,,,,5,0,0,17,0,False,False,False,False,followers_only,False,,"[42.348458, -71.082594]","[42.348813, -71.082242]",2.457,4.12,True,161.5,175.0,True,True,20.8,7.8,15479702152.0,15479702152,garmin_ping_439587408788,False,4,0,False,142220621,1,a14508628697,gcnaGpqzpLFb@T|@?Fl@pCBn@F^JXHx@X|AR|@P~AHb@?LMFY\MFi@Po@VO@IN[NMBSJ]Fm@ZM@m@XKBGHk@No@Xm@RQHEASLaA^e@Lw@`@EHKFcATy@`@MJQ?c@P_@RaC~@[NWFoAh@I@mBr@mAh@{FxB_@PiA`@_@PqAf@UJUBGEIe@Se@_AsDk@_DWiA_@qAGOm@{BYgBkCiKE]a@{AUoA_@}AKi@Us@a@iBIe@Ee@WiAGQw@qD[aAM}BBwCAs@Bk@IoAQcAUk@e@o@YUq@WOIc@EQBc@CyASC@eAQGGU]a@a@mDaDkAkAm@c@AEt@l@HLD@LTTVJ?XRRRLNNL~@bAdA`ALV?b@DPRJTn@hALFEHM`@@DBHEH?BKD_ALqEDq@@}@FYCm@DQ@c@BUAg@Fk@DqB@G?g@Dq@AG?_@F_@DaAH_EFaAFoDCOEIAGh@Wb@_@PGP?DCL_@@K?g@FW?QUk@K]CW@BAFHDbAGV@nAH~@@b@H^EpCk@|@c@XGdBs@XITOZQLCBFLb@F`ABBH?RKZGt@_@LMNCjAiAx@e@PGZSfAa@pAq@J?PNHPLnAf@dCBZL^?V\~AN~@DFPHDF@b@J\C\@PDDH?HNFBXFDDPf@DT?XJh@@Tj@tCHr@J\LdA`@lBPpAf@bCNrARv@Jz@ZtAN`AJXXlBFHBC\KDEDQTEd@OLCBBLd@Dn@@HHNp@fDN|@,2,,86.2,,220.1,363.0,215.0,True,583.6
2,Evening Weight Training,0.0,5444,5444,0.0,WeightTraining,WeightTraining,14508628400,2025-05-14T22:13:45Z,2025-05-14T18:13:45Z,(GMT-04:00) America/Anguilla,-14400.0,,,,0,0,0,1,0,True,False,False,False,followers_only,False,,[],[],0.0,0.0,True,111.3,181.0,True,True,0.0,0.0,15479701961.0,15479701961,garmin_ping_439587408759,False,0,0,False,142220621,1,a14508628400,,2,,,,,,,,
2,Legs & Core Strength with Runna ✅,0.0,2846,2846,0.0,Workout,Workout,14483264740,2025-05-14T22:13:42Z,2025-05-14T18:13:42Z,(GMT-05:00) America/New_York,-14400.0,,,,0,0,0,1,0,False,False,True,False,followers_only,False,,[],[],0.0,0.0,False,,,False,False,,,,,,False,0,0,False,142220621,1,a14483264740,,2,,,,,,,,
2,Afternoon Run,3593.7,1422,1631,31.0,Run,Run,14508628440,2025-05-11T21:27:05Z,2025-05-11T17:27:05Z,(GMT-05:00) America/New_York,-14400.0,,,,0,0,0,1,0,False,False,False,False,followers_only,False,,"[42.335237, -71.111465]","[42.327936, -71.133024]",2.527,3.4,True,163.4,176.0,True,True,46.0,9.8,15479701969.0,15479701969,garmin_ping_439587408784,False,0,0,False,142220621,1,a14508628440,{ekaG|i`qLp@v@\VDLCNKTs@zBMd@CVD^Nh@n@fBXdAJTJJ\JRCZKNAb@SX@@`@Iz@L|BBJJNHb@Nf@XhC?^FVFjAVhBTnCb@hDLxAZzBp@rGJh@Dt@DPP`B?d@RjAHfADJ?ZXVJTJJDNJ`AAXRbBJb@@`@TrB`@pENbAXxDHt@Jb@F|@^tBV|BFXHHF?ZJL@@DHDTABALF]j@Ob@G\Cd@@`AD`@@`@B^BF@h@NxAJp@p@fCZ|@ZlANd@~@xAd@fAN~@JhDTfATh@JNPF\VRDd@Dr@Q^QXSNSZe@Tq@Je@Bg@Eq@Ss@q@eAu@u@]y@SgAOyA[aCSaAYu@Ic@ASDk@Zm@Pi@BKA[,2,,86.2,,241.7,353.0,231.0,True,340.7
2,Evening Weight Training,0.0,2324,2324,0.0,WeightTraining,WeightTraining,14508628392,2025-05-09T22:26:08Z,2025-05-09T18:26:08Z,(GMT-04:00) America/Anguilla,-14400.0,,,,0,0,0,1,0,True,False,False,False,followers_only,False,,[],[],0.0,0.0,True,114.9,157.0,True,True,0.0,0.0,15479701933.0,15479701933,garmin_ping_439587408709,False,0,0,False,142220621,1,a14508628392,,2,,,,,,,,
2,Back2Back with Runna ✅,0.0,1959,1959,0.0,Workout,Workout,14429809723,2025-05-09T22:24:11Z,2025-05-09T18:24:11Z,(GMT-05:00) America/New_York,-14400.0,,,,0,0,0,1,0,False,False,True,False,followers_only,False,,[],[],0.0,0.0,False,,,False,False,,,,,,False,0,0,False,142220621,1,a14429809723,,2,,,,,,,,
2,Evening Ride,0.0,922,922,0.0,Ride,Ride,14508628314,2025-05-08T23:32:45Z,2025-05-08T19:32:45Z,(GMT-04:00) America/Anguilla,-14400.0,,,,0,0,0,1,0,True,False,False,False,followers_only,False,,[],[],0.0,0.0,True,127.4,146.0,True,True,0.0,0.0,15479701922.0,15479701922,garmin_ping_439587408704,False,0,0,False,142220621,1,a14508628314,,2,,,,,,,,
2,Evening Weight Training,0.0,1411,1411,0.0,WeightTraining,WeightTraining,14508628386,2025-05-08T23:08:12Z,2025-05-08T19:08:12Z,(GMT-04:00) America/Anguilla,-14400.0,,,,0,0,0,1,0,True,False,False,False,followers_only,False,,[],[],0.0,0.0,True,124.4,152.0,True,True,0.0,0.0,15479701930.0,15479701930,garmin_ping_439587408883,False,0,0,False,142220621,1,a14508628386,,2,,,,,,,,
2,Maine Coast Half Marathon,20963.5,7714,7806,62.9,Run,Run,14366173849,2025-05-03T11:26:40Z,2025-05-03T07:26:40Z,(GMT-05:00) America/New_York,-14400.0,,,,0,0,0,5,0,False,False,False,False,followers_only,False,,"[43.314656, -70.561159]","[43.319573, -70.566164]",2.718,4.84,True,172.7,187.0,True,True,23.7,1.8,15328884375.0,15328884375,32B5E6B3-93B2-424B-8B90-58379BE47E03.fit,False,0,2,False,142220621,1,a14366173849,gojgGnwtmLt@^|@l@rBp@|@j@pCdAfErBtDdAtFrCl@b@hC`At@h@|FpAbHd@`BZVNCTXVJ`@XRzA~@vAj@pBtApBbAN@fDw@dAR`FlB`GAbDm@t@]fAy@tAo@n@OpCv@ZEX\R@@IJVfCfAvAdBd@X~A~A|C~BpBn@z@RpCRzDCjAa@V?xB~@|@fA`@PJA`@m@|@{Bx@qAh@G~@Ll@^vAzAfAtAh@x@Nb@Jh@ArAD~Ab@rFf@tDbAlDbAvA|BtB|@jA|@j@h@v@hFrE|FbElDxCt@^~@r@fAp@hA`@zBxA`IfE`CtA`@d@`D|ApA|@fBr@j@h@vAv@|DxAtCt@fBp@nBlAx@VjC|Bl@Vf@b@vDrDxA`AdBr@x@f@VEf@m@n@?tCZlBh@l@XZ\k@tG?fAB^Xz@b@bC?~Aq@bCU\Y`Ac@|@}@pCUVQd@i@fDq@pFeIg@cB[_FQgEV}@PmE\sG?uCl@aAFc@PkCDaCm@cGeCIMAWLeAPuDZyBFgBPoAJ]NmC`@qFl@aGB{@XgB~@eLNcA^aGPsA@i@DI?]b@}D@e@EUoEmCmBaASUaCgAkAw@uAo@aJiFqCaCQEaCgB{@_AG_@ANG@mAw@eA}@Wd@y@pD{@`Fo@~Bw@nDk@hDw@vGOjD?`CQz@@d@c@fII`DKnCIr@B~A[zEY~HExCM`@wD_@{Jc@_B[{A}@qFeFm@a@Ya@y@i@uCeCeHeDIcALiD\iFd@kD|@cDv@uBx@sC~@qEXaDJyDV{Cf@iOGs@U_Aw@}AaAyAo@{Am@uBO}AWsHS_DGoBS}BWwFKw@yCaC_AgAcBcBcEyBqDoAe@AUHsFxCqB`@sBLw@@}AAwBk@u@e@mCaAgARiCv@eB`AYVcAR_Bc@cA{@u@kAi@e@w@m@SJQf@?PuAnIYlCSrEBzBKbG?dHIdLEpAWxUBr@]lNBz@Mj@@PK^o@@o@SiAGiDo@gAIkHHkEGyBL}CKaCN[IuDCeAH}CMkEs@wFcBmCgA_FyAmAg@mAU}E}B}Aa@cBs@aAYJcBVmBZeAb@mCZkAHi@CWyCyA_C_BcDaBHg@Va@tAyA`@o@JgBHmDRkAt@uBhDmF`@eBNeADcA@mCF_AMoCOqBW{AImB,2,0.0,84.6,,178.7,271.0,179.0,True,1378.7
2,3.75mi Easy Run with Runna ✅,5971.5,2142,2749,23.0,Run,Run,14317322251,2025-04-28T23:38:57Z,2025-04-28T19:38:57Z,(GMT-05:00) America/New_York,-14400.0,,,,4,0,0,1,0,False,False,False,False,followers_only,False,,"[42.336175, -71.10988]","[42.336083, -71.110162]",2.788,4.3,True,153.9,166.0,True,True,24.4,3.4,15277729548.0,15277729548,D5820D5A-2A4D-4E65-9891-A600AB298C43.fit,False,0,0,False,142220621,1,a14317322251,skkaGta`qLlAhAXJb@DNDf@T`@TrAvAVRLDt@N|@GXBNHZd@h@VXFVGj@DhAXxAt@p@Xj@`@p@Tt@j@r@XhAXp@T~@NzABn@L`@Xh@x@TLvAl@l@^f@DLA`@Id@?dA^f@FrABVHXLf@`@Xv@Ld@LbAH~AN~@j@fAx@xAFJNB^VZJP@b@CRE`AFZANCp@VHDNTNd@?RS`AATD`AHZHL`@l@f@d@x@lArAbA`@p@pAlCd@x@h@d@jAp@JBVCpA_@zAWfBq@r@c@JEJAh@Fh@@vA[h@EZ@xATZ?HCVQ^i@D_@GeAAQBSDMh@iAH[H_AJk@H[\y@J[Hs@Cq@CKsAqBYk@oBmCiAsBQUSQUKg@Go@?WA_BWMAo@D_ACs@KwA_@m@GKBORI^Kr@IXOXi@z@Wv@E^J`ABz@AhDCb@IVMJMB]@WCc@MYK[Yq@{@UMW@e@Jm@Dc@IyBaAWE_AFaAPYBWAWMc@g@m@sAGIWM_@a@GQQeASiC[mBM_@IOKI]Oe@MqAAsB_@Y?o@Nu@SE?GJOB[?kAM_ASWIe@YaBk@OCq@Cw@Hi@JGA_Ai@]Wg@o@_@SeCeB{@e@cA[}@g@aA}@[S_@y@YCs@FY?q@McB{A}@s@YQ]AWGaA{@,2,,88.8,,177.2,265.0,157.0,True,379.5
2,Friday Evening Run with Runna ✅,300.8,115,304,0.0,Run,Run,14545362803,2025-04-25T22:44:14Z,2025-04-25T18:44:14Z,(GMT-05:00) America/New_York,-14400.0,,,,0,0,0,1,0,False,False,False,False,followers_only,False,,"[42.330026, -71.112192]","[42.335652, -71.10914]",2.616,3.08,True,164.0,166.0,True,True,7.0,5.7,15520407202.0,15520407202,8E6BFC14-6F30-4331-9173-852A9619E3B9.fit,False,0,0,False,142220621,1,a14545362803,{hkaGp}_qL,2,,89.0,,173.3,182.0,128.0,True,19.9
2,6mi Race Practice Long Run with Runna ✅,9671.8,3653,3969,46.4,Run,Run,14286197863,2025-04-25T21:37:06Z,2025-04-25T17:37:06Z,(GMT-05:00) America/New_York,-14400.0,,,,15,0,0,1,0,False,False,False,False,followers_only,False,,"[42.336118, -71.11001]","[42.328366, -71.111841]",2.648,5.44,True,166.6,178.0,True,True,27.1,4.1,15245101045.0,15245101045,1DCEAFE0-567E-4DB7-9176-BCA021A21DD3.fit,False,4,0,False,142220621,1,a14286197863,ckkaGra`qLF@P^PPZRZLXANFbBnAJ@l@r@j@^b@PT?~@UZ@FH?PHXf@\p@Ft@Nf@N`FfCpDxBpA\F@JId@P|BChA`@Z^ZNRTj@Hh@^N@JJ`@HvASNDXZTDtBGj@Jt@Z`@x@Fj@FT?VV|ACj@XhBdApBF@JXLFPA^XXFl@@PGh@DPEdAEfAn@JX@LQb@Id@El@FTBn@HRJRpAvARb@NHR`@p@TZ\RXN^FZ\d@x@dBhAfAb@X^LPBVEXM`AM`@SH@fAYTQRAf@OPKVWZAx@JFAHMh@Qv@OhALdAX\?ZOTUH]B[?wADa@FWf@aADcADS\mAPWFU@_@BELo@?i@c@g@m@eAe@eAo@y@YScA{A[s@W_@_@]w@Sy@AkB]k@BWJm@CcAQiA]IGUCc@Be@x@Gx@Yp@[\Yf@Q~@?TJZDbAExA?fCSXs@LaASw@s@Yi@YQwALa@?g@D]\On@?j@L~@L`@vB`CRZv@f@`@`@h@z@@JJP@PV`@LJN`@l@hA`@P~@t@^BNKz@MjEkAjAy@TAJHn@Dx@a@dAKb@BZJd@@n@NNAd@e@LSD_@KiAB[`@cAJMRc@FmAHa@b@_ARs@H{@?k@uAmBk@aACKe@u@g@s@MIgAkBo@m@q@YmA?gB[_@Ak@JkAGe@Ks@[kAOOPO\?JEH?`@Ob@s@bA_@hA@LCb@N|AC\Dd@Gf@B|@Gz@WXSH_ACWK_@_@JJE?EKk@u@QQWKWAS?q@Z_@BQGOB]\Kl@BZAXF\FXfAxA\XJXHBr@~@VJt@x@Tp@r@hAXz@d@v@|@`@^ZPHZB|Bo@pAOZSlA_@t@a@n@LzAe@|AOj@JXRdAGd@q@Hs@EiADSr@eBRqBh@oALi@Jq@?YK}@Qg@eAyAe@y@uAcBeByDq@c@WGaBSwA?q@Ec@D{@AeD}@[D[RK?gAdAm@\w@Ta@?c@KyCcBk@I@k@CKg@@i@HoA^CNs@FGHwAGe@a@Sa@Qg@Ia@AWGGGa@aAeCY[_@Wu@QCEQCCBOGWU[IS[_@[Q[Mc@[k@Qi@CSQe@y@k@_@AOU_@K]E,2,,88.4,,176.5,232.0,171.0,True,644.9
2,5mi Easy Run with Runna ✅,8059.9,2939,3729,42.5,Run,Run,14277538162,2025-04-24T23:06:19Z,2025-04-24T19:06:19Z,(GMT-05:00) America/New_York,-14400.0,,,,8,0,0,1,0,False,False,False,False,followers_only,False,,"[42.336103, -71.109957]","[42.335877, -71.108858]",2.742,5.86,True,161.8,174.0,True,True,25.8,3.4,15236027993.0,15236027993,5F841B4C-941E-43E4-A018-DB70A6D0804B.fit,False,4,0,False,142220621,1,a14277538162,gkkaGxa`qLt@n@Z\NDr@FLLXNPLTHZ\HNTTRXNDRPRFVB`@MHFLC^ALFTj@r@d@NK`@BPC`@RPP\Lp@EVFHJJDD?d@P@FJDRDFDN^RX~BxAb@APG\Bp@XN@\?VDJ?FCl@H`@Ah@P\TDHAVDHd@ZLNtAXx@h@ZHXGL@TEZ?HFLBFFHBRADBJEv@HHHT@~@Rd@TFDJRHARfABfABZBFBt@DTDHFdAHLVLRb@BLHFLVJ\PLZ@FJTRNBZ?l@Kj@?b@DTCp@PJJ^d@FTWbACX?f@Nz@`AjAB?LNb@v@HF|@`AZLPPl@rAT`@BF~@jBd@h@\J`@^j@Rd@O\CTI\EZOn@Gl@WPCVMt@UHMXOn@JR?FG^I^KbAS^JJARJRD`ALHATMPQTa@DDDk@GyAFUR]CQP[Ru@@UHcA~@sBDq@Ao@CKQMCKEAKOUa@i@k@CKYi@q@w@IUWOEGk@cAs@cA?EMGg@a@o@GiA?eAYCEIAc@@YJS@KCO@]GQKSCGEM?iAa@EBe@@Wd@Op@?LGTK\SXAJCDG@[j@GNEZ@lA@NFNDf@AhAAJFbAAj@IROROJi@?KIYEi@UIOUUIQSUUI]GOBg@RI?M?MI_@CI@OPI@MTG\?JGd@FZBd@FVFJXPNNDRXXl@|@Z^FEDBTVHB\TP`@HBFVLTFFf@nAD@p@xAb@b@d@Rp@f@VFPEL[^GFEv@Md@O\GLG@FEBc@Jo@TIDS@QH_@@YJ[FUCi@_@e@O][SWYk@ESUa@c@cACAi@w@]]]UCEE?GEMM]s@yAcB_@q@IUEa@@aARu@AW@YYIIGIMEWX}AFy@AIJaA@c@TsA?_ABEDe@AM?i@CG?]ESEGW@_@NeARADM?i@R[HM@a@Se@o@M]Wg@I]IQQq@CEGg@MOG]Ye@IGE?WW{@W]Qg@Im@_@w@sAs@_CKYSHM]}@cAQI_@GEDCCSDOEQHICu@@WM_@?QGIK]IYUGI_@S]COOWM[WSIEBWE]Q]@]G_@DGDOIMBQCSHk@HEG]BEBWDCDEASPC@OE[NQDCDY@m@VQLQBIDC?e@X_@FKJI?[RQ@YIc@TC\@v@ALqATSCUIc@[KOI@SWMEWUKCEKYSSE_@WOGe@EUQQOEIGCOQa@UGM,2,,89.3,,184.3,264.0,165.0,True,541.6
2,5.5mi Easy Run with Runna ✅,8863.3,3330,3706,41.1,Run,Run,14257777106,2025-04-22T22:51:56Z,2025-04-22T18:51:56Z,(GMT-05:00) America/New_York,-14400.0,,,,17,0,0,1,0,False,False,False,False,followers_only,False,,"[42.336213, -71.109941]","[42.336389, -71.109705]",2.662,4.82,True,166.4,177.0,True,True,25.5,3.1,15215412822.0,15215412822,2A3D2071-AA93-480F-9908-31691EFE235D.fit,False,7,0,False,142220621,1,a14257777106,ykkaG`a`qLjApA^Tr@LjAp@p@j@\d@^Xz@TrAKHBXh@x@h@PDHGP@f@Tf@Hx@XfD`BhDtBT@BDNEHSn@RZ?j@Hp@?`@HNAb@Fb@Xj@bAxAn@XD^^\NNBRMn@KLDVRTD|@DhBBh@Jf@b@N^@ZH\@d@HTCJBJATDHRbBDF@PDJ?JNPDNJHZv@d@t@LHR@RV\FR@JG^ENFLE^?h@HNE\J^VZ`@?FSp@I~@@^Hh@JTPZz@|@`@t@\b@r@f@HBr@dAN^b@r@HTh@fAVVJRPJPD~@l@^?xCu@P?d@OZQTAZIXQNCPSR?b@HT?VUbASxAHFCFDR?TFj@BNHNGLMZm@Fq@AK@UC[?k@d@y@Ri@@K?WFo@He@Ne@\y@TgAA_@Oc@_@e@SO[s@{A}By@u@GK?MKQ]s@s@u@E?e@[mADyBa@gBLWMsAWOKe@M]CQDM`@Mr@CBIh@IVON_@p@Sl@Mj@?THVAXJdAEb@BZ?tAEL?^ITQL]DaAQKMI?IKeAsAu@Ms@Pw@?YD[h@Mz@?XLbAT^~@bA\f@L\b@b@ZLTRb@j@Zt@FFLZNPBHNVFVj@~@TTr@Z^Zd@B`AYt@KpA]t@[b@Ix@a@REZLf@AZSREFBp@UfAJd@Ax@NZGb@a@Ng@@k@Gy@Be@@Ir@mANeBF[Pa@FGL]Ns@DGFs@G][a@qBgDgAuAsA_CSSi@]i@Q]Dg@A_BYqBFe@Gu@_@q@OKBMKKBQCMFWf@SrA_@t@[d@Wf@EZCb@TjBIdBBZ?d@Il@MVWR[D[EUIc@e@c@Yc@u@ICOEiATc@E]De@QOQMGi@MASPk@Lm@ES?SBUHSFs@HMH_BJe@?[Fw@?_@BKCYMMG?CDe@NI?WNU@MFsAHM?cA]m@k@OSOo@Uk@G_@i@cBW_@]Wc@WaBYYYe@[WW[e@c@iA_@g@Yo@KMM@QGa@@iAOWSK?_@OQOUCQMaA]EIi@WqAmA[Ke@IEGm@M_B?eBXORSF]ZMDq@n@{A~@Yj@YZ_@Vg@RKRI\I@o@m@UMKg@KIOHeAHYASGk@_@o@u@}@s@k@WIBIAMKc@GUO_Ay@SUWOMS,2,,88.1,,176.1,234.0,169.0,True,586.3
2,8.5mi Long Run with Runna ✅,13698.3,5558,6409,52.6,Run,Run,14227492661,2025-04-19T20:57:01Z,2025-04-19T16:57:01Z,(GMT-05:00) America/New_York,-14400.0,,,,4,0,0,1,0,False,False,False,False,followers_only,False,,"[42.34665, -71.136514]","[42.348744, -71.140619]",2.465,6.78,True,161.0,171.0,True,True,30.5,1.5,15183716414.0,15183716414,4FCC5575-5CF8-4077-A81E-6612EA87C838.fit,False,2,0,False,142220621,1,a14227492661,etmaGzndqLTcAd@iBb@uBDo@ZqA?QNq@Bo@ZeAh@iCP{An@{AR}@xAsCPq@Bc@t@gC`AmBPm@r@{AZe@h@_@B[Tk@\i@r@aB?Gh@y@Xo@Ag@GSFe@^k@Oy@?UJYk@}EoA}F}@mFe@kCe@kBA]_@uBKOScA?_@Uu@c@yCOe@Gm@a@sAM}AU{AoA}F_BmJWiAS}Ag@}BkEkV{@yDAa@i@uAmDkRCi@K[OuA?a@qAcFQaBSi@c@oCQy@W_ADmB@LO_BKoO?{EJMOoFB{@A}DI_BBi@EmADc@?aA}AkJi@qCR@h@WbAw@N@h@Sb@g@n@QPOEy@]m@@YGSHaAWE@m@ASIGCu@Ue@?c@OOSo@E{@@[Sm@OgAKMBa@Oa@[m@Iq@Wg@W_Bg@yAGcAKc@?e@[y@G_BKe@?YMY@YWy@aA\{@COROGe@mCCk@Sy@We@M_AISqCp@@IkA_G}CuQWIk@XJ?S?uHrC@Xa@I?XINgAx@@Db@[s@Zg@dAEh@FjADBGm@F}@GLOD?Ro@|@Id@OXg@E{@_@UPB\DF?P`@dB^\dADf@^K`ACvAx@`EFHXdBVdA`@dANp@p@~E`AhFPl@b@n@Hl@C~@Jz@l@~CHr@^~AFh@`@jBX`@VNb@?j@QXPFlAl@l@TfA?TCBDb@X~@NPXnCr@|KDB@p@HV@z@N`ABnALbBD~A^lCz@|Db@p@Pf@@l@VtA@d@h@pBChCEf@BVEh@BZSjAIjFa@hJAhAFZGl@BZH?B{@DBARl@H?_AHCf@TtBRd@Et@Z?JI~B{AzV?t@Ip@I~@BTKV?b@I^WvD?nAe@hFKlCW~BE|@KH?JS`DLTMzBOxAA`BIj@q@fLS`ADt@G~A_@jFK^KxEQ`BEtAUdBCjAI`@KfDg@xHOnA@VG`@DjGSzCQ`BB^Mn@[pE_@`JI`@SdESrBF^GVStBObDEJ@f@Iz@IzBITMhBGpBBp@QvDK~@Rx@Dn@Rj@TT^fBLPDd@`@dBVl@RlARDb@`@h@tAPvAf@lA\pAFr@f@pB?VTv@LvAT~@Hz@bA~CZxApBhFJEHSPmBBuATqBJsBLs@HyAf@oD,2,,84.7,,164.7,245.0,155.0,True,915.2
2,600s into 200s with Runna ✅,6533.1,2606,2630,0.0,Run,Run,14189639935,2025-04-15T23:39:05Z,2025-04-15T19:39:05Z,(GMT-05:00) America/New_York,-14400.0,,,,0,0,0,1,0,True,False,False,False,followers_only,False,,[],[],2.507,3.583,True,174.8,179.0,True,True,0.0,0.0,15144159451.0,15144159451,01463223-76c4-4890-9d69-12456558f43f.fit,False,0,0,False,142220621,1,a14189639935,,2,,,,,,,,
2,11mi Progressive Long Run with Runna ✅,17719.1,6997,8004,42.1,Run,Run,14154027622,2025-04-11T21:50:30Z,2025-04-11T17:50:30Z,(GMT-05:00) America/New_York,-14400.0,,,,21,0,0,1,0,False,False,False,False,followers_only,False,,"[42.335843, -71.108927]","[42.336278, -71.112123]",2.532,5.76,True,159.8,173.0,True,True,12.4,1.3,15106914487.0,15106914487,5A8769D7-CF74-499D-8BF1-FA520E7B4F2B.fit,False,11,0,False,142220621,1,a14154027622,}{kaGr~_qL{@d@_A?sFkBiE]eBi@yCuAiDqDcAoBwB}CwCkHgBcCy@gBc@sAYwAAaAGCe@Bi@\YB_GbCg@`@YCwCrA{@DaBv@Ol@E~@e@p@sBO]FwA]m@k@m@J}@f@cEi@GX@SFGKG@_@Bc@HGDcGVsG@aBJeACcAa@iA]wB?uAFkAX_Cz@_C`@aB`@{T_@eBG}@_@y@C}@{@oBu@oEu@wKMy@CmBKqAmAsGI}@gBkJ@sAO}DiCcOIWa@c@}@aC}@yDCk@qAaHUkBm@gCQyA_@_B{@qBe@w@yDqCFq@IEHmAU[_@Fc@h@e@I_CcAwE}@iBe@iAEmAv@c@F[EYJSGEFSQuAa@m@_@wBqBqAeCkBuCsBgAyBq@}CkAsCoDsAsAG?O~@g@pAkAtBE`@yA`DKHiCfHYJ[a@s@c@K_@Ai@Pu@l@eA~AyDAMcA{@Hc@\e@l@V^CZa@Bm@GWUYu@G[mAq@qAi@cBs@e@?c@Ns@CmALzAOx@@PQHCtBPrAErAZf@?ZWPI`@cAnAUl@eAnD{ArBKZQpAD|BkAxI_@HG`@KHcBOYu@KCYzAItB]~@\h@z@l@l@dAz@l@v@v@hBr@JwBJMPoANCrAaDjA_DJ@r@{BVg@CEf@gA?Wp@sBb@aAZa@x@oBd@yAtC{Gz@qC^q@NKb@Z~@tA|A~A|@^TAnB`ADZi@lDF|@l@tCp@fAt@t@z@V~E^fBBfD[|@\nAFhBQVm@PIpEfAzBn@nBz@TfATTpCtA`BvAx@xA`@dAZfBFH|@hFb@`Dx@vDVtBj@|Bf@~@T~@`@h@hC|NXpBDpE`AhGx@tEj@jCRxAJjDk@XCLL@d@_@DFALeGfC}Ad@mD~AqIhD_Cr@h@`D~BfJrAjGnA|DH|@bAfFn@dH`EfQl@|DT`DHxGHxAKbKk@fFA~@DTXN`Hl@rERh@QLyA?o@`@gCJcCIITeHRkANKTHh@KfAHz@Gr@RbAFh@qDbAEfAi@d@TpAvF`@PlBaAHDBXJ@\bBzAlIy@d@LJCFfCsA`Ba@ZW|Ak@\k@bAq@d@OHKIO\ZDCVYSw@AID@PXVNZh@TLp@zAfAhAbBjDlBtB|AhAf@BfAn@x@Ht@VrCTd@Tv@Hj@ZbB^^X,2,,86.5,,171.1,309.0,163.0,True,1197.3
2,5.5mi Easy Run with Runna ✅,9004.0,3402,3850,35.7,Run,Run,14131726890,2025-04-09T21:56:03Z,2025-04-09T17:56:03Z,(GMT-05:00) America/New_York,-14400.0,,,,17,0,0,1,0,False,False,False,False,followers_only,False,,"[42.336099, -71.110094]","[42.335893, -71.109056]",2.647,4.58,True,163.9,172.0,True,True,24.4,3.4,15083611451.0,15083611451,5617DEA0-B0C2-4824-B64E-F881883891CB.fit,False,9,0,False,142220621,1,a14131726890,ckkaGza`qLLDRX`@X@FXLf@@nBfAd@r@`@d@HDn@Lj@CHDl@GLDZl@h@VDIrAFFCFMHLn@Rp@^FLFCb@VRDXTr@ZRTf@PNNx@`@j@PN?PJP@b@XnAJ|@Cx@BNLZNFR?VNT|@h@lATFFf@TLLrAS^P^Ln@Ff@IZJXE|@RPLT\Pt@VzCAHDH@ZNdANb@~@nA^v@HFNAZ\F@z@@p@?RE|@Dh@Rx@r@BJ]vA?n@Lz@R`@bA`A~@~Al@d@HAh@d@^`ALN@JRf@hAlBLNx@Zp@`@N@l@KXOF@r@Wh@E~@YR@b@URENQXORGz@Fr@WJOd@ERFbADhARj@C`@g@Lk@?IIWCw@F[f@u@V_AA_@VmA^{@H_@P_@@KAkAWaAi@s@MWGCO]u@}@S_@e@i@]k@_@_AGE[CeAq@UE_AF_ASg@SiBLiASMK]Eg@OU@[EOJQ^Kj@BJEVQb@ORq@pAGX@r@ADRvAC`@Gn@Db@Ej@D`@GZQTYJe@?w@U}@{@_@e@O@QIMAWBIDwAA]TQd@E^D^Af@D^l@~@`@RdAjBhAr@d@d@z@xBj@lAZb@LLx@`@^XXHfBk@dAKZKz@MbB{@VCPDd@?NKT?h@YDBZMT?`ATtAJREh@g@Fc@Bm@G]?]Lc@HKh@kAFeAF_@~@uCBqAO[q@q@GUHGWImAqBsAmBo@eAi@q@y@Wu@@kAKa@OYCgBF}@[eCi@_@n@Mh@El@MZCNg@j@]fACj@?LHNFx@?d@GrAD^@~@K^ONgAHa@Ks@c@w@iAQKc@Ai@Ry@EOEsBsAO?c@Zy@Ge@Ju@?GEAGGK]Ui@i@Ua@MGs@eAg@uCCcAIu@Kk@i@w@YOo@E[Jc@E_@OeAWMMQAq@Xm@Im@a@cAQk@k@oAm@{@?e@EkEgA_DkBSGYCq@g@k@SOQw@_@_AGYWeAS[QKUYKYk@?H?EiARUCm@[ON[k@}@}@w@[a@]_AUMIeBkBq@c@Q[w@y@Ya@]Ui@g@KQe@e@S]gAy@@Aq@y@a@s@QOO@c@i@t@wAx@iABKR_@FEdAsBDED@,2,,87.1,,174.9,225.0,166.0,True,594.9
2,Progression Run with Runna ✅,3910.1,1423,1423,0.0,Run,Run,14112179266,2025-04-08T00:52:14Z,2025-04-07T20:52:14Z,(GMT-05:00) America/New_York,-14400.0,,,,0,0,0,1,0,True,False,False,False,followers_only,False,,[],[],2.748,2.917,True,162.8,166.0,True,True,0.0,0.0,15063258203.0,15063258203,4da19cf7-b2e3-41b5-8e7c-7315260b6d04.fit,False,0,0,False,142220621,1,a14112179266,,2,,,,,,,,
2,10mi Long Run with Runna ✅,16110.2,6891,7166,156.6,Run,Run,14082108905,2025-04-04T21:29:08Z,2025-04-04T17:29:08Z,(GMT-05:00) America/New_York,-14400.0,,,,5,0,0,1,0,False,False,False,False,followers_only,False,,"[42.334928, -71.111597]","[42.335938, -71.111749]",2.338,5.06,True,160.7,172.0,True,True,63.2,4.1,15031742781.0,15031742781,362E25A3-F8E2-425F-B4AC-96B939593836.fit,False,1,0,False,142220621,1,a14082108905,}bkaGlg`qLtAhAlCFj@t@h@Th@ADP`Cx@pJdFd@LdG`@hBfAhC`A~@KrA`@nC?lA`@V^Tz@?bATvB\jB~ArCnAh@rDKpAp@NRBT[t@Er@FfAVr@h@b@lAfBxAfAbBnDjAhBhBdAtFoAdA[~@o@lAFl@W`BStCZl@c@N_AIwA~@_CRmBn@yANqB{@kAm@kAmF_IEe@RSxBfElClD~@fBJ|@LfEa@zA?j@Nx@zApA`DfBvCHxEg@hFyAtBZ\K~@s@WcEZuA`C{Bn@WdBfAPX@d@^JbAbB|BbBjC^tBK|Bw@jBcBvAy@`C_@\STSjAwDt@a@z@r@@bAg@tA_AtA[jAm@lAmA~EM`CLpBP~@j@bA^\l@fBt@`AtBj@lACpAc@bAq@d@m@v@sAv@kDvEeEZoATeB?uA[mATf@DlAA|A]`C@p@XtAb@hAPzA@hBi@lE@v@PfA^|@lBlBb@lCx@d@V~@h@Xd@Kb@_@|@cBPmA@}Br@_G|AiCrA]tBFbBt@r@x@bAfBhCzAf@v@VlB@x@Yf@qAHWZ]zBgAfAsBhAqClDk@\w@DwAg@m@w@ScAWgEIMi@Ko@r@o@Tk@OUWYu@e@YUiB_@cAcAu@e@s@_@oAGmAX{EGm@Li@Ck@g@qAOeAq@uAe@Jq@hAeBpAYr@Ev@YvAmBdCoBf@y@f@kAQ[FuAa@iD?sF_DwG_@cCc@}@a@oBaAyG}EEUYS[GUd@M@oAa@s@EeAaA[CmBn@}E|@aCNyA@oAWOJwE}C[{@Cy@e@POEGa@Jq@hAaDDa@Gw@eAoAgAeB_@_AOCwBmDmAy@}@DuB_@kC?iDw@_@j@IhAmAvBQr@Ed@VjBE|DGb@_@`@_@FoA]kAsAu@]wATy@Kq@g@eAQyDHo@m@eAS_@_@G?Or@qDRU_@kA?i@U[YOi@@w@d@s@dEG\LZt@Ar@Ud@_@NgEFOb@mBFm@j@m@dBpDiKHuAu@{B_A{Ac@UCi@oA]w@g@o@e@gAYeABeDeAuDuBQJyCmBgCq@i@?eAa@SJKd@D~@i@Vc@jCu@`@GRErAUbAYTAr@IFSM}A_DkDqCk@v@e@~DgARo@bAwAFoAo@{@m@yBo@Lo@nA{B^gA,2,,82.9,,157.1,276.0,157.0,True,1082.7
2,Broken 600s with Runna ✅,5824.6,2335,2401,0.0,Run,Run,14053863434,2025-04-01T23:13:57Z,2025-04-01T19:13:57Z,(GMT-05:00) America/New_York,-14400.0,,,,0,0,0,1,0,True,False,False,False,followers_only,False,,[],[],2.494,3.32,True,165.1,177.0,True,True,0.0,0.0,15001968730.0,15001968730,e2f5f1ed-ec8e-4263-a44b-788efa822cce.fit,False,0,0,False,142220621,1,a14053863434,,2,,,,,,,,
2,5mi Easy Run with Runna ✅,8055.9,3102,3102,0.0,Run,Run,14044267576,2025-04-01T00:58:57Z,2025-03-31T20:58:57Z,(GMT-05:00) America/New_York,-14400.0,,,,0,0,0,1,0,True,False,False,False,followers_only,False,,[],[],2.597,2.617,True,165.3,167.0,True,True,0.0,0.0,14991754514.0,14991754514,8c3520ed-6a24-4b15-bc50-d70e6f99289d.fit,False,0,0,False,142220621,1,a14044267576,,2,,,,,,,,
2,10mi Long Run with Runna ✅,6260.2,2912,9077,12.0,Run,Run,14025894275,2025-03-28T21:44:11Z,2025-03-28T17:44:11Z,(GMT-05:00) America/New_York,-14400.0,,,,6,0,0,1,0,False,False,False,False,followers_only,False,,"[42.347562, -71.103601]","[42.354203, -71.077272]",2.15,4.62,True,142.6,162.0,True,True,9.5,1.6,14972040933.0,14972040933,ABF504E7-54FA-462C-A2D2-991C1369A463.fit,False,3,0,False,142220621,1,a14025894275,qinaGf`_qLEC?Oc@Em@AUEGGOAGIo@IMEI?OJc@x@iC_@GE}@KCVBEBQGGDy@@SDE?mADk@@iAB]Ae@Ho@?YHeBByADiAAe@?KDO@qA?SMKAKWcAQ{@EYCqALiCXsAf@mAFWAKN[XqARoIBcDBWDWH{BA[AKIIEK[}AEc@MYMg@Bq@[y@SSI[Ka@Ea@]yA[mBGo@?IG_B@KS}B?UKg@@s@@IKcAOkCMe@?MISMaAKWIc@Ca@EKEYAUKUGg@Sq@AWU_AAUSaA@KM]AMGMGmACS@KMc@GCEIECMDCFQJG@SESGSO[m@_@qCQm@ASGQMs@Ku@IWSiAOoA?q@CWGWa@y@K_@m@gEOQC]EKGo@EKEc@Uw@CSGQO_AUg@E_@GQGk@Ma@AYMk@QqAYuAg@sAk@s@EK}@_AQg@GaAB]A_@IQ@SIOq@a@QSIm@MYGE[CCGOCEE[OSCGEI?eAg@O?k@Ia@QWIOAOGM?KIm@GUGQ@GBORAJSROD[CGBO?WFqAOOIUEWKIAKDM?MD_@@m@NiABy@Im@Km@Ec@?ME_ACkAYGGUMMMu@qA[u@@OM{@Gk@MWAM@c@NgAN_@HKHAHD`@HBDDBL@`@NJGJBNEBOZLD?JDF?LPLH@HLXJJP^Jf@FFTl@pArBJHTJJLHPh@XRTp@`@T@f@NVARBLHFBFCXLLBDAPFDAJHD@F?JEL?DEJCX@RABGHENSDCFMD?FIXHL@DBJ?l@RJ@f@Tf@FXPP@bA\J@h@PDDN@t@XLHDHDn@N^NFVFDDf@PTRPD^XR_@DCP?JIJQFEF@JKHQ?KIQ@OFGDPBh@GI@OC_@?SNy@Rc@t@q@UVELCEBMHGb@Ub@MFRHp@DHF\Vz@BTBD,2,,81.0,,149.4,317.0,138.0,True,435.0
2,Lower Body Supersets with Runna ✅,0.0,2700,2700,0.0,Workout,Workout,13998804751,2025-03-27T22:40:00Z,2025-03-27T18:40:00Z,(GMT-05:00) America/New_York,-14400.0,,,,0,0,0,1,0,False,False,True,False,followers_only,False,,[],[],0.0,0.0,False,,,False,False,,,,,,False,0,0,False,142220621,1,a13998804751,,2,,,,,,,,
2,4.5mi Easy Run with Runna ✅,7266.3,2869,3952,42.5,Run,Run,14008014540,2025-03-27T21:44:35Z,2025-03-27T17:44:35Z,(GMT-05:00) America/New_York,-14400.0,,,,6,0,0,1,0,False,False,False,False,followers_only,False,,"[42.33616, -71.110033]","[42.335744, -71.108995]",2.533,4.62,True,157.6,171.0,True,True,27.8,3.1,14952709453.0,14952709453,414340F4-D2A5-4EA6-8596-CC14A5198B1F.fit,False,3,0,False,142220621,1,a14008014540,okkaGfa`qLxAxANHJARBp@\b@VPRPH|@~@d@Z`@D`@G\BTIVBRn@VRN@LHF?`@BFEH@P?TCXHN@RNNDb@Z^NHHJ@NJF?f@XHJNDTPl@TLJPFd@\h@Xl@HTARJ|@PZ?NDn@Ef@Nd@HNLDP?RFHh@Vl@RFDNBn@d@\Pd@FLG`@GP@VLH?v@N^A|@D`@Al@RNHBFNHHPNb@FZDfAFRBt@^bCBJd@r@J`@TVFZNJVB^Zh@DN@TGr@Eh@DFBXGTPTBPJBHVPFPOt@KXGx@Fz@LXZ^PL@LDB?JJ@BDD?x@lAj@b@RPRFLLn@xAT`@L^PT\v@PXPRRHF?PH`@VTJR?p@SlCk@f@Sx@S^Qp@SP?PBHAHBH?PKXGFEZGRKb@CfAJt@PH?NF\SZg@H]?WG{@BYLe@Vm@LQLy@@YP_A\y@Rq@DU@]?UASIW?KIUMSIYGE_@k@w@y@[k@QQYe@c@i@Ys@GKECOAMEIMQCMUOKOEc@Aq@BIAEDw@QM?SGEBs@?MBa@@GCq@KECa@Ke@Uw@IOHWr@K~@Uh@]b@MXSr@CBAp@FfB?XFn@G~BENOLYPQ?QCKGCKA}@SCKE]k@MKMC]YOa@Cc@?i@VeA@MEe@K_@CYBe@Cq@DUCWQYSQc@YQGc@Y[MSBEEIBGASFQ@QHmAZQAYDO?a@Gc@Q_@Im@i@Yw@O{@_@wA[c@GQY_@MEKKUESISAg@Ic@WWWYK_@e@Wi@Oc@KQGSKSECCIUc@GI{@OQDQCCCa@A_@EQKG@UG{@m@wAs@WUSIKSg@a@w@QYOIAEEI?UEG?k@E_@FKAoAVWJO@a@PQLE?o@p@OFaAp@a@`@_@l@UR{@XCHCRKRWKEGSEMKOECG?MG]IEw@Hk@H_@Kg@YUUg@k@o@g@_@Sk@Ua@CGC]UCEWQIMUQMO_@[EKeAcA_@e@SOSU[a@WQWYSMk@}@MIGIa@QIQUSk@y@[YOACCI[MOOIc@i@k@k@k@[e@e@[g@AGMKGOiBuBOBOPHcBRDEh@TdB^EDBDNHNb@XFAPNDHvAzAZn@H^RD,2,,85.5,,171.5,345.0,160.0,True,492.1
2,Rolling 400s with Runna ✅,8058.8,2971,3088,0.0,Run,Run,13996938668,2025-03-26T21:12:38Z,2025-03-26T17:12:38Z,(GMT-05:00) America/New_York,-14400.0,,,,0,0,0,1,0,True,False,False,False,followers_only,False,,[],[],2.712,3.1,True,169.3,175.0,True,True,0.0,0.0,14940834688.0,14940834688,c3393190-bb48-4f7a-8fa3-43d8cbc98645.fit,False,0,0,False,142220621,1,a13996938668,,2,,,,,,,,
2,8.5mi Race Practice Long Run with Runna ✅,13697.7,5134,5940,7.4,Run,Run,13932365343,2025-03-19T21:52:50Z,2025-03-19T17:52:50Z,(GMT-05:00) America/New_York,-14400.0,,,,5,0,0,1,0,False,False,False,False,followers_only,False,,"[42.360982, -71.132776]","[42.361169, -71.131677]",2.668,4.56,True,163.9,176.0,True,True,5.9,1.6,14871438015.0,14871438015,91680170-10A9-41FB-9421-C85BDD1A8210.fit,False,4,0,False,142220621,1,a13932365343,stpaGt{cqLYc@k@m@Q_@y@y@SYESU?yA_@g@YCBQE[g@KaACGGy@BWIWEgADSKuCCwBBSKs@?aAD[AYYyEK_DO}AAgA_@sE@SIiAAeBQcBFkA?WGWCcCIaBM_A?a@Qe@A]HyAAWD]lDKrGc@vAQv@WJFd@F`C]|BErAPpHtBPJhATnCXvA?|B]tAi@rAeAv@}@`@q@jAyCl@gAr@aBR[J_@NQt@kB`@u@~@uDPmAFsEQiBISBo@CY?c@NSV@FGDU@c@EUA}@Da@AkAKgAAe@RcBd@cBTcBL{AHkCC_@De@?q@HmA?g@HaBDeDHe@Cg@LyCAiAFc@?e@Js@FsALYBu@BIHFC`@d@BDIAQD_@LMTDdAElAHnBsBKOQbCED{@BCE_BS_@NgAD@HGt@k@I?a@Ex@IJKI?q@Fs@?mBVkGDE@kCRmDE[Fq@CSLyCAmA_@kBGm@Ww@IgAM]e@u@GUSwAYqASmAYaEMuCUcAFKMsDGk@WkAGKs@qEU_AIw@Og@I{@i@gC?cAEc@U_@KGEFe@J]Ai@g@Um@uBgMM_A?m@I_@Yc@W{@w@}Em@{CEe@]{A]eAKu@O_@Gm@i@eDg@gBc@s@i@e@{@qAM_A?YDKFF@NRp@TZb@Ll@?VPj@`A^pAb@lCv@vD@r@WzANxAZvADf@JX|@lFNn@d@x@F\@rA^bCRl@z@~FZnAR`@^Vf@?l@QZ`@H`C|AhI\lBZ`CZ|AJvABz@F`@@|@HNHj@@rADbAFXDdA\|Cn@bDf@nANRHj@@f@XdAFj@^zAAnBIpDG^SrJUtEQjGCrDKjB?|@Q`EC`CMnBBJMtEQpADp@U`C@FO~@_@lACj@Kv@BzAHj@KlAF|AAn@GTc@EEHCnBLLRnBEpDYvC_@~@g@dBqFrLO\Uz@w@tAg@h@k@`@QVgAh@q@T}@PyCNoEq@_FyAcCq@{AKkA?cDVKE{@RkGh@GL{ANcDGY?EFV|C@xBNbD?|ALnAEf@@d@Bl@FPH~@CD?`@D`BPpCHj@JbDHr@BtCThDPbFTRIHAHBh@Et@HbFLzANTjAbAxA^jAEn@a@ZOf@e@dHsJNTAHGJsA`BQf@q@~@MF[l@oA`Bw@v@i@`@eAVJJ?R,2,,88.9,,177.9,274.0,168.0,True,913.5
2,7.5mi Long Run with Runna ✅,12083.7,4821,5691,29.7,Run,Run,13903294105,2025-03-16T16:35:45Z,2025-03-16T12:35:45Z,(GMT-05:00) America/New_York,-14400.0,,,,5,0,0,1,0,False,False,False,False,followers_only,False,,"[42.33759, -71.111749]","[42.341886, -71.109262]",2.506,4.45,True,162.3,175.0,True,True,9.5,1.6,14839950112.0,14839950112,81C8583C-ED52-4457-BCF8-B7C867DFA435.fit,False,1,0,False,142220621,1,a13903294105,qglaGn|_qLc@GUMyAIcAQc@Uq@MUMUA[Ui@QkA{@_Ay@]e@][k@w@[gAMOEQS[{@s@S[Ug@_AiCWe@Yy@mAgB_A{AAKu@yAm@eCCYD_A}@Ha@VcA^M?OPg@J_B|@q@TM?UVa@?y@b@s@NOLuAPoAr@KPWHKX?\Ox@IJs@GQB[KoBMcAg@cAXe@f@}BS[Sm@IAXFi@A_A^oKBwB@a@DKAa@DWGSHeA@eAw@kCGg@Em@DuBJeARaAbA{BEI@KJMLq@b@kUMc@Gi@Su@Eg@Sq@KgAOa@MOK[SuA_@mAKs@_@wCAm@KwAE}BQiA@u@QgCeAgFOqASu@Aa@[mAYoBIY?KK[QaD?wBwCyPUW_@Kq@VY^IBMIe@}@Qy@GuAg@sBKOa@}BMcAIOOw@[u@]cCY_AE}@Q}@[}@EYoCqDIWEgCKi@y@a@My@S[wCiAwBc@aCw@]EaBKODi@d@OAg@Ry@Cs@MCFM?mAg@QUeAo@cAaA}D_Hg@a@}CeAi@Ya@GoAk@m@Ok@g@oBmCc@a@GCMHKb@_@p@I^KP]`A_@p@{@pCyBrEo@nBc@x@c@nAE|@DNRPn@`A`BzAVBlAo@r@EFONDbE~D`@f@jB`BjAvAPB`AbAPFLPj@b@HRPLJn@l@^z@~@b@VpBxB\@p@Tl@@rATT?DEHP^Ex@d@x@fARt@PtA@nAC|EB`AJx@LXHj@`@pA^|AFn@Lb@J~@VrAf@~A`@xA@RJV@Zb@pBRt@l@nCb@rAD^X~@\hB@Rv@|CVl@|@xDL`Af@lBD\Tl@TdAVl@L?ZSxAc@hAk@v@SlF{BvDgAdAq@bFoBRM?IIEk@d@I?AGDQn@YDJIV@h@HNPz@FlA@~@^~Dv@vD~@`BJ\E^Hv@ZfBZfABf@MzGIj@QrH[fIC|@BRC|AEVKdDAdAGn@@TEXI`C?bAInABf@MnBBPO|EM|@Ab@?[jAXlBTvAGPMl@Pr@QJIn@AVRT?TPdARj@mDl@_@RSd@SZHh@ARIRHl@M~@_@PKHMdAg@N@JMLAX@pAq@JOZO@KTIXBl@YFDJOb@KHRBnAVv@R~@Zr@dAtBPXTN`ArADRRXJj@Z~@h@lAPVBNVZ,2,,85.0,,171.1,335.0,159.0,True,824.9
2,Thursday Evening Run with Runna ✅,8077.5,3041,3314,75.5,Run,Run,13876260353,2025-03-13T22:37:37Z,2025-03-13T18:37:37Z,(GMT-05:00) America/New_York,-14400.0,,,,5,0,0,2,0,False,False,False,False,followers_only,False,,"[42.33912, -71.136514]","[42.339368, -71.136232]",2.656,4.7,True,170.7,179.0,False,True,67.7,29.2,14810524514.0,14810524514,1E10425B-E671-478A-9973-37A6CFDFF51C.fit,False,3,0,False,142220621,1,a13876260353,{glaGvgeqLv@bFnAfJDfAHPNpAVrBCJDHBNLzALl@@b@Jd@JjAFb@FPATJVJl@bBfMvBpNDXGHFXBd@@t@HvADz@?\CFBn@Fx@XvA^~@V\PRp@d@RFDFJAbAf@pBn@d@Rb@J`@NH@z@X^TXTHBn@r@hApB`@nADFv@pBNdAHx@At@Cj@Kd@Up@Yd@c@b@INUNcA`ACFo@t@Wb@AJYh@Y|@i@lAq@jB[lBIXIr@Ex@DPAlAF`@AJBdAPxCBRJ~EDv@Jx@?VJn@BbAFj@BnAH\?PFR?`@Hh@ARBd@C`@B`@BDHp@NdELz@FBCXB`@H`@@Z?b@BJAVFp@@j@HnAAPDVBl@Fl@ARINIHMDs@MKQa@[EKc@Wg@g@OE]a@YYm@[YCYKkAOm@AYG[AOBY?GB_@@[F[Jg@VYTq@ZYEUOaAuAOOE?a@g@IIICGSWWICIS{@{@CGa@k@q@}ASs@Wm@_@eBSoACES_BM_@SgCEIC{@OkAGaA@IAw@O}BBYGyAES@e@Ce@B[Ay@BE@i@C{ADSBmB@_FBY@cAAWBQ?q@LgCBS@]DS?[DUDo@Je@@KDGHe@CSNk@Jm@\mADGBQTs@H]Rg@H_@JSLk@N[DSb@gANu@JSH]Fg@N]`@iAV_BB}@FUAMIU]k@_@a@w@o@g@Se@IOUKWW@WGWQGAe@WGEAG_@YKCGMUYIMOMQ_@SWIQOSS_@GAOWCMQ_@?EOYIS?KKSAMQi@Mu@Mg@M}A@qCCqBDE?uAEeAGy@EOK_ASmA?SI]Sc@ASQk@KOESO[Uo@KQ_@a@Uc@a@_@QYs@o@c@YOQg@WEGG?GC?MNOHY@KVq@DU^k@j@mADMh@kALe@Pa@POx@}A\}@?KHMt@oAHYDCFQBOJOPy@d@kAXgARc@dAeBLIRa@PQ^q@r@s@JSL_@Hc@DINKJ@N^Nh@PdAVbABXGJLx@BXFPJj@Dr@FRN\J^lAdIgAkH,2,,86.2,,179.4,255.0,173.0,True,545.4
2,4mi Easy Run with Runna ✅,6461.2,2402,2898,41.2,Run,Run,13856340191,2025-03-11T20:50:03Z,2025-03-11T16:50:03Z,(GMT-05:00) America/New_York,-14400.0,,,,8,0,0,1,0,False,False,False,False,followers_only,False,,"[42.336011, -71.110155]","[42.336545, -71.109522]",2.69,4.86,True,169.4,181.0,False,True,27.3,3.1,14789752025.0,14789752025,2364A70E-3A6F-4C99-8AE2-FF58B35463A4.fit,False,2,0,False,142220621,1,a13856340191,ojkaGrb`qLRNTVLJRDVBZJPLNBXPTR^`@VVJDDFRPJ@NJXDf@ED?ADf@MP?FBJXLT\Vd@Dv@?D@D?NDL?l@HLLx@f@LBr@XDDPJ|@b@`Av@F@`@Tf@RFFb@BPFP@FF@Nd@?XB~A?FGB?VHPHXVJX?LVRPLPB^Rz@\XTf@DPDp@E\?FDHJNDbANRAf@@LSJCHDVDFHN@ZV\d@TxA@b@N`AAZHr@XrAHPX`@JZh@t@DBHCF@FH`@TFARDN?bAOdAHRCFBFLJALJH@NXTDBD?LYr@ERAdAHf@Rl@Z^v@v@Vj@TXPJLN^R^\Th@z@fBXb@Pd@FDFNt@n@b@V\XPDFIFCLCl@SLCTInAQNIF?l@UVE^QD?h@[LEPBPFb@ErAm@LAjAHFBNAf@Rp@BPGHEVa@Fe@?WKi@@YDUAGd@w@\y@RcBJa@Zw@R{@@q@AMEUIO?UEIg@s@o@gA]a@KUOK_AqAo@yA]_AQW[UKC[MeASm@AI@QCk@BQEO?m@JO?UGUAq@Me@GgA[WC[B_@XI@KLGDKRQPq@^i@LG?I@g@@c@GWOa@Yc@_@QKUMa@GK?SHe@CO@SFiAPE@ARQCO?YDYAGBKEMAD@E?KEWAUKq@w@Yu@Sw@?OCECUGKK_@OUEKYc@c@]YOsAQo@c@EOOCIOQKm@cAIYCCE[IY[m@]Q]EOEEJ[ES?k@Em@[m@Qs@_@YIg@a@c@S[a@[W_A_@m@SS?WEIBQCGBa@IQ?k@N_@NQBQFw@r@c@TQPo@^e@^YZKRGDOVgAf@INAJMJI@{@s@Og@EEEAGB]?m@FW?QC]QWSg@o@_Au@OG?LE?]Wc@G]M_@WW[eAaAOU_@YMSg@e@WYYe@g@a@wAiB_@Ok@e@AKKYCQVKLIRG^GV?DSJA?FF@?KCE@Mb@e@FAVUFSHIVm@BYQESMIAQWIAUSO{@OYe@m@IPm@|@AFIF,2,,88.7,,181.1,325.0,162.0,True,434.9
2,K200s with Runna ✅,6825.7,2615,2641,0.0,Run,Run,13847664666,2025-03-10T23:21:48Z,2025-03-10T19:21:48Z,(GMT-05:00) America/New_York,-14400.0,,,,0,0,0,1,0,True,False,False,False,followers_only,False,,[],[],2.61,3.4,True,170.6,177.0,False,True,0.0,0.0,14780409878.0,14780409878,a088778e-68b1-416e-bd06-1b9a4aa160bd.fit,False,0,0,False,142220621,1,a13847664666,,2,,,,,,,,
2,4mi Easy Run with Runna ✅,6452.3,2526,2838,37.4,Run,Run,13791048641,2025-03-04T21:37:04Z,2025-03-04T16:37:04Z,(GMT-05:00) America/New_York,-18000.0,,,,11,0,0,1,0,False,False,False,False,followers_only,False,,"[42.335988, -71.109896]","[42.335855, -71.109026]",2.554,4.72,True,160.1,171.0,False,True,28.0,3.1,14718974226.0,14718974226,FE5C1480-CF2B-45CA-AE68-657D2AC72ACC.fit,False,6,0,False,142220621,1,a13791048641,{jkaG`b`qLf@h@ZRVJX@|Ar@RRDJ^XRZj@ZPFj@@VBNAVIXBF\HNH?h@Zb@HLFLAr@Nt@Ff@Xp@Vz@b@lBjAnAp@hAd@r@NFPHBNA`@FV?FBNCh@@t@HPFNJ@DZ`@LDDHh@TV@DDJBb@TLJ@FP@DBN?v@URDb@RD?NDH?HBXEN@VFVALD^CXDXJd@d@Pp@\lCCZDf@`@jBRd@n@fAJVLL`@JJNVFT@TCNGF?NA`@@N?FBZ@ZADFFDD?NHd@`@LLDLAP]fAAl@Fb@J^f@r@NJt@lAD@Z`@LNh@\b@b@N^\j@HRh@`A@Jd@x@BJTVhAf@LJPDTAFGb@IJ@VCfAWZEPG?IPEj@Ut@S\[LAj@FXELCn@Y`@CHEv@H|AXb@BVQVc@RKB_@?e@Ee@Da@Pe@EG\i@DWRqBZq@BKDG\eA@o@Ei@GKAYWi@m@u@IGMQGOm@}@KKISSSY_@{@_BEEQDi@e@SMQAQBmAGI@[Ku@KkBFc@Ic@MSEWMQEQG]I]AY@YJuAx@YL[H_@Fg@@]AIAM@QEUOq@w@OGOMiA]SCI?}@Vi@FGDW@[HSBUCUBKCK@m@Y][Q]CAYs@KOQaAYgA_@k@o@m@QIyAWSGMIY_@[SKQSS]q@IUAMECYk@IICKEIUM[Iw@?IEE@SCiA]OMWI[So@SSOKEo@g@GEMO]YOEe@WiAWe@AEEiA?QJ[FEDa@HeC|AOPUJo@h@GBIJM`@UZSLI@i@REDM^EF[E[QWYKUCMII{@DWD[AYIg@_@q@u@[Yg@]}@]QCOBGE][}@s@o@u@SM_@c@[UBHAJMf@?JKJITEFKb@IDQd@EHECKp@_@|@Kb@Wd@KZf@kBZaAXs@,2,,86.0,,170.0,294.0,160.0,True,429.3
2,6mi Long Run with Runna ✅,9691.5,3796,3983,33.6,Run,Run,13762603492,2025-03-01T19:21:01Z,2025-03-01T14:21:01Z,(GMT-05:00) America/New_York,-18000.0,,,,3,0,0,2,0,False,False,False,False,followers_only,False,,"[42.336446, -71.111933]","[42.346383, -71.086237]",2.553,5.3,True,173.2,182.0,False,True,18.3,1.6,14688068041.0,14688068041,805DBCD9-83F5-4155-BEEA-F5F7FB2FA60A.fit,False,1,0,False,142220621,1,a13762603492,oalaGd_`qLcCcAq@SuC_@i@DoAc@g@G]Sc@EEK_@Mu@g@i@i@UOc@c@EIq@u@g@u@u@eBw@{@WUg@iAMQOg@c@eAOq@Sa@GEAGQe@k@y@EKSS]g@IQAI_AcBa@cB[{@AQBm@CIM?i@ZkBf@IDELGBqDtAU@KFINW?URyB|@c@NQDEECFm@VS@OFUf@A`@I|@@FEF}@BGGk@?UIGBSEg@EMDi@I[SIAGDs@W[PS^E@]AUEKI_@Eq@CeAS?\?cALwAH}BJwDCMJu@Ac@LqBAYBa@AoAB[CYFm@DaDHeAHyDFc@?WJ}@CeBL_ARoJDKCU@KAa@D}AAk@He@Ag@e@qB@KE[c@qA?KHUW{@Yg@W{@m@yCYoCAo@MeBCKAq@Iu@I_@CO?wBQ}B[eBQk@G[?e@KUM}@Oe@KgAQk@A_@W{@WkACs@GW@c@IuA@s@Eu@c@sCGUq@_Ey@kEEKc@[?_@E?i@cBQYSu@[_CQq@Iy@WeA?YQk@a@{BIU[qBGQ[cCWiAi@sASa@_@e@CQw@m@iCiB[C]QO_@CYOe@SC[Qy@MQKa@IMM{@K{Ae@WOIWm@a@KOICc@@]l@?F]R_@Ou@aCEWIMYIIO?y@Fy@DITK@KLWBw@Gc@a@gACUIEC_@@_BFWGM?gA@ECQAcDGyE?KHSGMAMFcBAsCC]ImG?_CHg@?g@EE?QPoBLo@V{@Lu@^_AXi@`@g@f@e@fAg@h@Ml@Eh@@v@HPF\VDJnAz@j@RAFf@f@ZHRCrDlDHR`@f@BFBt@In@DJD@NTBNCl@CJ@TITu@ZCJBNAb@DL@THTDd@Ab@JTBRA`@B\@HE\A|BD|AZh@dAtApB~Al@p@XRNRj@l@^pADf@VvAPlARx@?JFP?THh@DFRlADHAJKN@RBHTFXdADCTTDTN?BQDCDCCJLOMJfAq@zBy@JIjA]BFvBtLh@h@HRPx@pAfHb@ZXBCZ?VIlABHFpAJ^@VD^FVLXTR@DAXHN?THHNn@?`@BVDDBL?ZNf@Dj@FDDHDd@Jl@GR@HXz@FDKRFDBXEN\r@r@|DDJ@LVXDJAJ@F?r@DVJLAVRlADLPFBFFDDHJt@AVDJJ@Pp@H?Kd@BHG\DL,2,,85.4,,168.5,247.0,165.0,True,639.7
2,4.5mi Easy Run with Runna ✅,7396.3,2945,3258,45.3,Run,Run,13736938602,2025-02-26T22:05:33Z,2025-02-26T17:05:33Z,(GMT-05:00) America/New_York,-18000.0,,,,9,0,0,1,0,False,False,False,False,followers_only,False,,"[42.336049, -71.110033]","[42.335935, -71.109117]",2.511,5.02,True,167.3,177.0,False,True,28.0,3.1,14660176362.0,14660176362,36F0C2E4-3F3E-45D6-BEDA-351270599793.fit,False,1,0,False,142220621,1,a13736938602,{jkaG~a`qLb@^LNXPLDZBHB^VRFl@b@RTPLDHXRHPd@RFFRDJ?ZID?BBJKT?RCF@Hd@FFt@h@N@NCP@^EjANXTVNl@TRNPB^TDJH@f@\TJ`@Vl@TVNt@Zd@HXJ|@Lf@AfADh@NRHNP@JAFDN^NTRH?TP^FXLPNDHp@NFDJIRALGXC`@L@DZJR@FBLCJ?RDf@EFBV?JB`@@^PFFPb@^vCDBBPFvARrABHLLV`@b@dAZXNAl@`@NB\?n@Kf@@`@DVCRNPBRJDHZLFDANYfAEn@@XJ|@N\DHv@r@bA|A`@ZXPd@f@vAvCFF^r@^j@x@`@NL\PFBPA\MRAFEPCl@Qz@O`@QNCR@ZQREDGLENK^MPCTFZ?t@[FH?MRCVKNAVFN?PFTDHDhAJRGHIPWRw@Ek@GWD[Ne@R_@J_@HQRmAA[Ja@n@{AFWB}@Ko@Og@s@_AMYSSUe@YYa@m@OMUe@MO_@{@KMO?QE[]a@OYAw@@GBEC_@GOGMAQ?SGE@u@?MBq@Ec@Eo@SSKm@Oe@Ek@@a@RUD_@XYLG?CIECED]FAFGA]JY?g@KYOWUSIw@i@o@O_@@]Ea@Fo@Jk@RAJK?QDQEYDKCO@[Ea@OKIWWYe@So@Q{@ISAKKUASSc@Ya@GIICMQc@OWAmAWa@c@c@YMQIQE?IS_@{@c@w@ESc@YWEMIWEGAOB[CWO_AYm@Yk@OiAq@CE[UW[WOWM_@KAE]GiBKc@?WFk@HWFQPKBIHUJKJWNc@\a@Vw@n@OJc@l@URSFOLWBCTEHONG?k@g@SKG]IKOGIFU?EBIAAE?o@BQEg@A_@IgAGQKs@EECIoAsBa@y@a@aAWaAYy@MoAGE?s@CE?]EW@KCq@B[C{BFsECm@EQ[iA_@q@K_@GCEQECMWI_@EIICUk@ECG@QSGYB[EEm@MI?a@MEFJd@D@j@b@F@LLGFWr@]p@c@n@GPUVQ`@cA`BMLUf@CJMJITMNERMRAL@N,2,,85.8,,166.3,238.0,157.0,True,489.9
2,Fast 8-4-2s with Runna ✅,9190.6,3845,3845,0.0,Run,Run,13728115138,2025-02-25T23:01:29Z,2025-02-25T18:01:29Z,(GMT-05:00) America/New_York,-18000.0,,,,0,0,0,1,0,True,False,False,False,followers_only,False,,[],[],2.39,3.317,False,,,False,False,0.0,0.0,14650579004.0,14650579004,2c3c51a4-43ab-47e7-9328-6d569ff96e67.fit,False,0,0,False,142220621,1,a13728115138,,2,,,,,,,,
2,5.5mi Progressive Repeat Long Run with Runna ✅,8876.5,3479,4530,26.0,Run,Run,13698590903,2025-02-22T18:13:03Z,2025-02-22T13:13:03Z,(GMT-05:00) America/New_York,-18000.0,,,,0,0,0,1,0,False,False,False,False,followers_only,False,,"[42.354676, -71.112123]","[42.354302, -71.1122]",2.551,4.42,True,159.6,175.0,False,True,9.4,1.6,14618514172.0,14618514172,A3EF9C4F-B412-4F7F-B71E-48E89F2D3A4A.fit,False,0,0,False,142220621,1,a13698590903,yxoaG~r`qLUTgAt@k@Le@V_@FSFe@HU?e@N_ADGBe@DSDa@?c@HECq@JsBLi@Hs@Di@Ju@CSBe@P{@?cBJEAS@OCS?IBS?IDk@?IEQByBCIBQ@ICa@?GBSGQB_@KQBWIIBIEc@?SC}@@gBSo@Fa@BICQHS?SFO?SFq@HIBEDI?c@N}@RQLOBUJ]T_@Lm@^g@PyA|AGVGJMl@S\K`@_@|CCf@E|A@j@?fAFp@NxFEnA?j@]~AOXQj@KHMZCB]j@w@p@s@t@IBKJG@YZE?y@d@i@`@i@XON@Lc@\GHa@ZIT]^OHELQJm@dAY`@KXGFm@pAYd@CLOXCL_@z@OPUx@a@`AIl@?TKb@El@Kb@?l@CJ?XEh@@VCV@`@CXDz@HlAVrBVfA^fAzCfEh@d@d@^JBDFFPfAz@f@VLB\?j@[T_@DSB_@Ke@M[?SeAsCGIY_AUa@EQO[[k@QWCMy@gBEQIKGQCS_@cAKu@KmAH}BJi@LyA`@eAXo@p@iA\_@z@u@RI^UFAXSz@QlAGf@Kd@@|@IRBx@SX]XSTSRYDK\c@fAaE`A{D@QGMB[BKTMRi@\}A\sCAUDo@AQBaACc@B_AAg@FeABcCLyANm@BCTe@FE`@k@p@s@b@U^Mz@Oz@CfBIT@nD?v@DHA\QDG?IEYAeBCW?SCK@OGc@?]t@Gt@?~@En@ANBZEF?j@IXDNALJnBQFDP?XEf@@`@KbBKp@I^SP?ZI^BRF\G\C^KL@tAKDDP?PCF@f@U\IXCZKTA^O`@ChA[XMd@]LCLQVQJQLOt@m@LYTSBGRSNc@^s@RYTUN[LQVSN]\i@r@mBFEHBPN^LHDDJVLHLBB]U_@_@g@YGINa@FIDKrAmAl@u@Na@HKVq@GOBGFe@E[FsAFk@Dm@AL@MNQPwADqDG@@u@F_@CUDiAEo@Bw@GmC@IQ{EKm@C}@Iy@]sBQeAISAMc@mAw@oDKS[yAY{@Ks@Ae@Mw@CYJISqBCH@THr@D`ALjAHVF`@Tv@VfAlEbWAn@JnCEh@FfBArABb@Et@?TBFEN@nACR@`AE^?VIh@AZMh@En@Ix@Ex@BRGj@Cf@s@pAUX,2,,85.8,,170.9,265.0,156.0,True,594.6
2,Lower Body Strength Session with Runna ✅,0.0,739,739,0.0,Workout,Workout,13683490907,2025-02-21T01:59:26Z,2025-02-20T20:59:26Z,(GMT-05:00) America/New_York,-18000.0,,,,0,0,0,1,0,False,False,True,False,followers_only,False,,[],[],0.0,0.0,False,,,False,False,,,,,,False,0,0,False,142220621,1,a13683490907,,2,,,,,,,,
2,Rolling 400s with Runna ✅,5654.0,2137,2137,0.0,Run,Run,13683362087,2025-02-21T01:03:09Z,2025-02-20T20:03:09Z,(GMT-05:00) America/New_York,-18000.0,,,,0,0,0,1,0,True,False,False,False,followers_only,False,,[],[],2.646,2.92,True,152.7,167.0,False,True,0.0,0.0,14601809079.0,14601809079,4d8596a3-f549-4d73-8101-5c8ecf13691e.fit,False,0,0,False,142220621,1,a13683362087,,2,,,,,,,,
2,5mi Long Run with Runna ✅,5547.1,2212,2276,2.7,Run,Run,13698590852,2025-02-15T22:51:25Z,2025-02-15T17:51:25Z,(GMT-05:00) America/New_York,-18000.0,,,,0,0,0,2,0,False,False,False,False,followers_only,False,,"[42.282842, -71.030023]","[42.275086, -71.003816]",2.508,4.12,True,161.7,171.0,False,True,10.2,1.6,14618514027.0,14618514027,4D11B4CF-B099-4081-A8A5-88A270048D59.fit,False,0,0,False,142220621,1,a13698590852,_oaaGrmopLCY?YOo@Ei@?GCCESUsCCEGUAc@GYC]EU@GQu@CWKWEc@?KRK\I^QJCNOMs@GQM{@CWES]}DMy@Ae@WoAAa@Kg@Ee@CE@GFCj@Ed@OF@^KCe@HS\Ex@UXBdAe@LCjBaAbBoAZYNQH_@b@c@|@uAh@s@DIBC`AsA`@y@dAkBb@aAl@kAl@{AP[\}@AIIAUQcA{@FApAnANFH[DE\}@d@{Af@eABSDSn@gBlA{DBSh@uAP_AFIN}@Tw@BU\gAj@_D^cBRw@N}@Pi@Da@\eBNg@j@uCv@qE\sA?IDYh@iCL}@BYAc@AK@a@Jm@^iARYDEVa@FSZe@BIPSJSTYFQf@{@DQLWjAsBJMjAwBfAiBPUt@wAl@y@DIdAeAZUfAk@t@YXEFE`@CXGH@TCrA@VALCH@LC^Bt@EnA?~@IXBRCd@?FAj@BVAND`@AZ@PA`@?ZAZ?H@p@C`B@F@FAfA?FCAHKFi@COCI@SEsABsAEy@Bc@A[BICq@?qABkACQBi@AIBMAo@D_@CGB_@@IEWD_ABc@AgADq@LG?oA`@YNUHc@XMPu@l@o@x@o@fAKLKZ_@p@MLaAjB{@rAO^k@z@GPe@n@,2,,86.0,,168.3,203.0,165.0,True,372.4
2,5mi Long Run with Runna ✅,8851.0,3589,3589,0.0,Run,Run,13637855183,2025-02-15T22:50:00Z,2025-02-15T17:50:00Z,(GMT-05:00) America/New_York,-18000.0,,,,0,0,0,1,0,False,False,True,False,followers_only,False,,[],[],2.466,0.0,False,,,False,False,,,,,,False,0,0,False,142220621,1,a13637855183,,2,,,,,,,,
2,1km Repeats with Runna ✅,4387.1,1826,1826,0.0,Run,Run,13628519436,2025-02-14T22:24:05Z,2025-02-14T17:24:05Z,(GMT-05:00) America/New_York,-18000.0,,,,0,0,0,1,0,True,False,False,False,followers_only,False,,[],[],2.403,2.967,True,173.3,175.0,False,True,0.0,0.0,14541814645.0,14541814645,56e45cd1-5b51-4273-b997-c168b5b6fbdf.fit,False,0,0,False,142220621,1,a13628519436,,2,,,,,,,,
2,2.75mi Easy Run with Runna ✅,4416.9,1796,1796,0.0,Run,Run,13621214201,2025-02-13T23:21:01Z,2025-02-13T18:21:01Z,(GMT-05:00) America/New_York,-18000.0,,,,0,0,0,1,0,True,False,False,False,followers_only,False,,[],[],2.459,2.48,True,157.1,162.0,False,True,0.0,0.0,14533737271.0,14533737271,4babec87-163c-4adf-9a4c-2fb7bf85d7ee.fit,False,0,0,False,142220621,1,a13621214201,,2,,,,,,,,
2,Lower Body Strength Workout with Runna ✅,0.0,1162,1162,0.0,Workout,Workout,13604637811,2025-02-12T01:18:14Z,2025-02-11T20:18:14Z,(GMT-05:00) America/New_York,-18000.0,,,,0,0,0,1,0,False,False,True,False,followers_only,False,,[],[],0.0,0.0,False,,,False,False,,,,,,False,0,0,False,142220621,1,a13604637811,,2,,,,,,,,
2,Over and Unders 1km with Runna ✅,4462.6,1713,1713,0.0,Run,Run,13604531734,2025-02-12T00:46:40Z,2025-02-11T19:46:40Z,(GMT-05:00) America/New_York,-18000.0,,,,0,0,0,1,0,True,False,False,False,followers_only,False,,[],[],2.605,2.9,True,157.6,168.0,False,True,0.0,0.0,14515549972.0,14515549972,5e7f442a-8d18-49d7-8b50-6a2ab395ec11.fit,False,0,0,False,142220621,1,a13604531734,,2,,,,,,,,
2,3mi Long Run with Runna ✅,4839.6,1866,2263,30.9,Run,Run,13576135401,2025-02-08T19:55:01Z,2025-02-08T14:55:01Z,(GMT-05:00) America/New_York,-18000.0,,,,6,0,0,1,0,False,False,False,False,followers_only,False,,"[42.335782, -71.110323]","[42.335908, -71.108797]",2.594,4.88,True,161.3,172.0,False,True,28.0,3.1,14484461805.0,14484461805,E1F494B1-F938-4B99-8D00-CBD875BD0E02.fit,False,1,0,False,142220621,1,a13576135401,gikaGnc`qLl@XRAl@\ZLTZXPv@`Ad@XRD`@BHANGbAENf@l@h@\?PDH?D@^AL@TADBJCRDFBLNTNLBNDh@\n@VNJFHB@F?XPF@HDRPHBLNh@RLLVJBHDIHLx@\RFZFd@Bd@?JMh@?NBX?NHF?RJFP@RERBDLBPLLDDFPFD?TLv@PXP`@RTDLMx@Il@PNHNDF?NHZFh@B~@Ad@FTXHd@JNDp@Jh@ANBd@An@CZNz@HRLNRFFLHXPVRl@Z^LDDEFB^XVJn@ANEN?LGNB^@ZDPELJ\Pl@j@FDRBNKp@J^OFGNEHBHAZLfAxATLf@JH?NDZ@RMLQDSCkAHM@O?oAIgBMCGYFYd@eAf@cAJKLi@@i@Vg@AIGICAEDIAKL}@^c@\mBd@o@?a@KWQo@y@s@WUWUKU@e@Ay@Jg@HELEDg@JG?ICE?CBO?cAUq@g@W]Sk@g@wBOWEQIOSUYSY_@a@QI@gAOSQKMq@k@OQ_@y@Ss@EEQa@Wa@OKICY?QK]CEBi@GI@{@[G?_@YgBy@YSCGSICEg@e@{@_@a@GCEYGi@CSGIBs@?q@T_@Dc@NYTa@`@_@V[PGHg@Xg@b@a@p@UPQD[PG?GFK`@MRu@m@UMIe@KIqARO?WEWK[SKOa@YWYmA{@e@Sc@AUWE?YSKOi@c@s@w@,2,,86.2,,175.0,247.0,159.0,True,326.5
2,2.5mi Easy Run with Runna ✅,5527.6,2369,2437,19.5,Run,Run,13560471783,2025-02-06T23:50:01Z,2025-02-06T18:50:01Z,(GMT-05:00) America/New_York,-18000.0,,,,0,0,0,1,0,False,False,False,False,everyone,False,,"[42.339173, -71.13701]","[42.33944, -71.13611]",2.333,5.067,False,,,False,False,41.7,29.2,14467248567.0,14467248567,3c2f08cd-a3b1-47f5-9ec7-816c2180e2ac.fit,False,0,0,False,142220621,1,a13560471783,sglaGhkeqLBJJhAJd@r@hGT~@RZA\DJKf@LRFz@\h@Lj@?`@CJFXFJQh@Gr@@n@Jt@PN^?N`@RxA?PGFH?BJ~BdQAJMPFl@H^Rr@@PL|@JT@PLPDZJVBZ?^CJEJA\Bn@BD@F?TFX@n@HF@P?\Fz@ANBn@d@xCh@dAh@l@b@ZvAl@vAb@ZNn@PRJT@xAh@f@P\TFJTLPPd@f@d@z@DTGHBTVd@@Ld@dA`@v@X`ADZBp@GjAOl@KZw@vAcCbCg@x@s@|AM^Sb@y@zBq@zCYr@MVa@b@SJgA~@i@Zc@NIFWFa@BYAe@Qm@q@w@uAc@e@[YUMUIc@KWMSSSe@Ii@@]hAcE`@aABY@y@EWOe@Ua@IESESAWD_@V]ZUJSDOAa@QY_@IYCm@BOXiAL{@j@kCNg@`@}B@m@G_@w@}C@]BK@@BIVY~@IxCBh@OHGHILWb@k@FCTBJAT]BK?]Fg@BsAGYWeBE_AAk@Gw@?a@MY@MGg@@YDK?a@E_@IWC]EICQ?sAIiAAs@c@qA]qBoAgJ}AiMKEK_A?Ma@{B[kCCg@O}@_@mCKcAKm@KWCi@SwAEKKkAS{@C_@EIIq@,2,,,,,,,,
2,Lower Body Strength Session with Runna ✅,0.0,1461,1461,0.0,Workout,Workout,13543085869,2025-02-05T02:30:23Z,2025-02-04T21:30:23Z,(GMT-05:00) America/New_York,-18000.0,,,,0,0,0,1,0,False,False,True,False,everyone,False,,[],[],0.0,0.0,False,,,False,False,,,,,,False,0,0,False,142220621,1,a13543085869,,2,,,,,,,,
2,Mile Effort with Runna ✅,4280.7,1757,1757,0.0,Run,Run,13542990744,2025-02-05T01:56:58Z,2025-02-04T20:56:58Z,(GMT-05:00) America/New_York,-18000.0,,,,0,0,0,1,0,True,False,False,False,everyone,False,,[],[],2.436,2.88,True,169.3,177.0,True,True,0.0,0.0,14448119430.0,14448119430,f9fe8e8e-69ba-49f1-ad18-be23a78e5c9d.fit,False,0,0,False,142220621,1,a13542990744,,2,,,,,,,,
2,Pilates Session 1 with Runna ✅,0.0,1805,1805,0.0,Workout,Pilates,13524913057,2025-02-03T03:56:36Z,2025-02-02T22:56:36Z,(GMT-05:00) America/New_York,-18000.0,,,,0,0,0,1,0,False,False,True,False,everyone,False,,[],[],0.0,0.0,False,,,False,False,,,,,,False,0,0,False,142220621,1,a13524913057,,2,,,,,,,,
2,4.5mi Long Run with Runna ✅,8219.7,3396,3814,95.2,Run,Run,13523097620,2025-02-02T19:12:37Z,2025-02-02T14:12:37Z,(GMT-05:00) America/New_York,-18000.0,,,,0,0,0,2,0,False,False,False,False,everyone,False,,"[42.339257, -71.136057]","[42.33941, -71.13611]",2.42,4.9,True,165.1,182.0,True,True,80.1,23.3,14426379792.0,14426379792,6CA13AB7-215E-488D-8C4E-A8359B1DC36F.fit,False,0,0,False,142220621,1,a13523097620,mhlaGjeeqLvAlJr@fFNtAAJDf@Nf@F^H|ALj@JjAJj@Fh@BDPpBJr@HjALr@AJL`@H`@HrADLDVL^Dr@XfBFh@AJBDBVLf@Fd@DLEF?LRx@ATDb@Rx@L`AHZHz@Jj@@VPbAAD@XCH@v@Lv@Af@EBHLBrAF~@TfAHPDXCh@H|@BHBf@BFEDAPEBANCDWB]Nc@JUJQLi@TYFSGa@FIAYBI?UKODO?UC]BQBGPIDK\?b@Tz@^bAF^@h@Gj@[pAAJ]lAIl@MZALYlAOb@Ij@AXBLCHBFDD@LJXZ^FDX@LAHED?JGHAv@m@@GLEFB\AHBRJLNJTLj@?JDLWrAM\I\_@fAQd@Op@Gr@LdAJVPP\RH@LC^JZJXR`@d@Vf@Tf@LLP^FB\XPFdAE^MXSXKZUVKh@g@TOHCFG@Ih@w@DIJ_@He@P]Nw@HOJi@Vu@lAsCZq@Xc@\c@j@m@HGDIRKHK|@uAFC^}AHaAAcAG_@KUEW]o@{@yBy@{AMIe@m@q@i@]SIAi@UIGu@OGEyC}@OKcASi@Ci@?UBS?UHEABOECC@O_@COB_@FQGgADQ?Q_@aBIkBAaBAKEGG?MD]IKFMVUNe@n@o@pAGDCJOTE?QP_@f@[PY\Yb@I@EAi@}@w@y@OIQ?i@SIMMGO]GCGBWAOCCEKAi@a@IOGCCEMAGEGMu@q@OYAI@KEEOESQUYQc@EAAGKKAMK[S[_@gAGGBOOi@?MO}@GSKgAASBMCMFmAA_@BSAW@E@iBGkBI}@CK@GAIIe@AUEQCc@IUMk@SWW}Ao@yAUa@GAa@m@SWGCSa@i@c@IOMEOQk@WMKECE@ECY]i@]OEMOUMeCkAUWQGUQE?s@_@KMc@YGEE?GGE@EAIS@QLe@Xg@FSDIDA@GJSJ]FGHUJIBMHM?GZa@tAkCLSNKPYBKJMJe@Rc@`@m@Ri@^s@Tw@NYBAB]HSNk@JSDMNQ@MHSFW@SHWJk@Fo@Jo@Di@FWBc@Jq@AGBWBGAWHi@?QFWDe@@k@Lk@HaAJc@BiAFi@Dy@DSFkBF]D{AHU@M?YBK?IBQ@a@FUB_@?SVeBBc@BILy@FWAUDY?MNu@Aa@DQH_AFSDo@Fc@DI?UDy@@IHID@BF@J^v@hAvErAvGl@zERvCLjD@pEA|FDtA,2,,80.2,,168.8,326.0,167.0,True,573.4
2,Progression Run with Runna ✅,4067.8,1604,1604,0.0,Run,Run,13505381607,2025-01-31T23:56:01Z,2025-01-31T18:56:01Z,(GMT-05:00) America/New_York,-18000.0,,,,0,0,0,1,0,True,False,False,False,everyone,False,,[],[],2.536,2.9,True,175.4,179.0,True,True,0.0,0.0,14406969363.0,14406969363,52473f94-e8bc-4156-bb01-7027bee21712.fit,False,0,0,False,142220621,1,a13505381607,,2,,,,,,,,
2,2.5mi Easy Run with Runna ✅,4051.2,1696,1696,0.0,Run,Run,13498126227,2025-01-31T03:03:56Z,2025-01-30T22:03:56Z,(GMT-05:00) America/New_York,-18000.0,,,,0,0,0,1,0,True,False,False,False,everyone,False,,[],[],2.389,2.48,True,168.2,173.0,True,True,0.0,0.0,14399047890.0,14399047890,ef4c54a9-827e-42c1-9e62-295f27d13735.fit,False,0,0,False,142220621,1,a13498126227,,2,,,,,,,,
2,Pyramid Intervals with Runna ✅,6821.1,2925,2925,0.0,Run,Run,13489025224,2025-01-30T00:44:03Z,2025-01-29T19:44:03Z,(GMT-05:00) America/New_York,-18000.0,,,,0,0,0,1,0,True,False,False,False,everyone,False,,[],[],2.332,3.183,True,171.0,178.0,True,True,0.0,0.0,14389156050.0,14389156050,95f4c130-82ad-42cc-b013-56f35cdd31f2.fit,False,0,0,False,142220621,1,a13489025224,,2,,,,,,,,
2,4.5mi Progressive Long Run with Runna ✅,7535.2,3158,3294,17.7,Run,Run,13451073386,2025-01-25T17:44:49Z,2025-01-25T12:44:49Z,(GMT-05:00) America/New_York,-18000.0,,,,0,0,0,1,0,False,False,False,False,followers_only,False,,"[42.33627, -71.109308]","[42.335996, -71.109049]",2.386,5.96,True,169.8,183.0,True,True,9.5,1.9,14347820934.0,14347820934,B41794F2-197C-4971-9145-22C38520F3BF.fit,False,0,0,False,142220621,1,a13451073386,o_laG~_`qLkAa@UO[KOCMK[KUCy@WSAOIWCGCc@?o@Ig@EMIE?u@Qu@_@YEUQQBSQUMYUICEGOIIMoAgAg@{@UQOW[w@IMGSQUUa@s@o@Uk@IISe@Su@e@_AGS[q@Me@OUq@o@We@MQK[Wk@GECO_@s@a@cBEIAIGSES@[?m@I[Cc@EA?ICGMJ_@JKLE@SBKEMDYIYe@Qk@iAaCGQAQURWHq@h@OBMF}@LED@LEJWDU@m@`@GC_@VODGHa@RKNCH?b@GLEh@EPAh@O~@OxAI^Gx@EBCNC`@Ib@AXK\AFI@KAI@UGG@Y?y@OW@GAG@QGSCOSAGG?OGE@EEKAE@CFi@DIDOXIFYGODW?e@EMISCEEaAK?JCJDCCI@i@JsAFcB@eDHm@@y@@c@DU@y@DW?k@Dg@@aADi@G_@DcAAUJyAAq@F_AAIJqACQDY@[COBI@o@PwBFmBTiLCOFiBHm@?}@AW[eAU{AKOGUBYEKAYGYWc@OQEK[uAEo@]oAC]Ic@Co@Iw@EaA@SKgA?o@E_@IU?OEMEE?SQRYPDHD@j@]D@?HLCRMh@U`@KFEL?TKF?JMXC\]\KNANMRE^WJ?NMVERKLCJEL?LIRCFGRD@GH?JKHQTK^KFETAJr@@\AH@j@CJBLCLFv@A`ABT@`F@HNFBJGPEVDRGVBbBEz@DRCVBz@?VERBFAX@JAT@^BLBl@CD@p@Hf@AJBJ?^EJ?zAMV?LCJF|@Hh@@j@HZG^`@rADBAIXh@T?DFBPXRDLh@p@XVPVPNZ^FFPDHXHJ?FDPHNFDRb@j@PdA~@FHDPVTd@f@\t@JHNXFDJ?P\^V?FHLNLBFHFf@z@l@d@LTPLB?ZNVBRJLPBFFBBHVPTZZ\LT?ZIHP\EPKTk@n@a@t@CNAA?NONCVWt@DCEBSx@CDQFKAOXARDf@`@lARx@Rb@X`@FTV\JXV^JTX^RNHRPPXh@BFAHX`Af@`A^fAf@p@TPD?Z\DLTZDPTb@H^h@z@RRBHDBLXx@d@DHf@b@v@j@^HNNRDFAPLRBXLHABBH?JDZBJJ`@@XLr@BFDL?XF\Np@Hh@PFANHPBZPRD@D^NDDXHv@GPG,2,0.0,78.4,,174.0,383.0,173.0,True,549.4
2,2.25mi Easy Run with Runna ✅,3722.4,1439,1464,29.2,Run,Run,13435068214,2025-01-23T21:03:18Z,2025-01-23T16:03:18Z,(GMT-05:00) America/New_York,-18000.0,,,,4,0,0,1,0,False,False,False,False,everyone,False,,"[42.335984, -71.110178]","[42.333547, -71.112573]",2.587,5.7,True,170.6,180.0,True,True,25.6,3.1,14330430980.0,14330430980,EAD68FC6-AC3B-43E4-B1C1-45059746C0AF.fit,False,2,0,False,142220621,1,a13435068214,qjkaGlb`qLVRDJNHHPFARFJAN?JNh@RLLNDBFB?NLDFf@d@HJFDNRVLDDXHR?XGVAPKDDFGF@JLJ`@p@^FBhAP^PnAb@fBz@lAn@P@JRf@ZZCPBFEJJ^PPL`ARLAXDh@AZL`@GFBH?FEJ?HH`@HVTFn@TPLF\Xl@J`Aj@LB\B^Qb@INB`@\LFL@FFZC^?D@X@\CFDLAD@L?NHL@DDLRRp@HFFX@RNbADnAJd@Bf@Nd@@HHHVj@J^TTTb@VPn@V\Bn@KVAT?JAR@NDNCRINUBSAGTmAHeAPoAA]Jk@AODOB_ADSAWEMECG?yCh@QBKCEBcAWYSMCOSAIE@QS_@}@a@sB]y@g@g@WKEGi@Oa@AEEa@GUWYQCGQMg@o@Ue@Ic@U[?GSa@EEa@Yy@SG?EBUGk@GQ?KCGEKCSIKMYOQGE@{@_@GOSG[Sg@m@ICKKQAQOE?ECQECCMAGGg@Ic@BOBm@CCBGAIDU?UPi@L]Rk@f@GL_@TGJG?]LQJQRQHu@nAG?i@TWBCROXI@[Q,2,,79.1,,179.1,303.0,184.0,True,257.7
2,2.75mi Easy Run with Runna ✅,4471.2,1810,1974,24.1,Run,Run,13426877851,2025-01-22T21:25:25Z,2025-01-22T16:25:25Z,(GMT-05:00) America/New_York,-18000.0,,,,3,0,0,1,0,False,False,False,False,everyone,False,,"[42.333409, -71.112581]","[42.334767, -71.111582]",2.47,5.48,True,173.1,182.0,True,True,28.0,3.5,14321561522.0,14321561522,8D04060C-8C32-4B9A-BDB4-9AE397AA92C7.fit,False,2,0,False,142220621,1,a13426877851,iyjaGtl`qLN@HGV@LENDt@BBBPBz@j@h@NJHH?\N~@v@^TZJHHPFVVh@PXD\LHFZFd@FDATBB@N?BB@JJTPEn@DLDbAXNHZZ\RPBJFH?VJVRHNLHJCJDf@M^Ef@JXLb@@FBFCHHN@J?LEJ@FCNDZCj@N`@\HZDDJd@Df@FLAJL~@ADDP@r@X~Ah@fAdA`BH?PFHATJ`@FBC\?l@Gf@Bf@EPNJ?ZLJLVPDCNBRF\@DDL@RAJG^K^?FF@HLFLXTXNDBHdAd@`@BPC\KHM?cAE_@DuAGkA?e@EKCY?c@h@iAHQHG^q@He@?QDM?SJKLYIEY@ECYLUPE?k@^]XKDc@Fm@DG?CEEDM?c@ECEWOOUYWGIQGCCOCMKQEWO]??`@B\?VG\GhAKp@?RKr@C\ETEDCr@Mv@Qf@IDa@LO?GDw@C[BGDMEQBQEE@CEYEIKKAG@CCAIMGGKCGOQCE?Gk@gAGGIOGe@ISEUEk@O}@A_A[qAAWEIOMKOg@Oy@?O@]AG@UG[?MCSMa@MY@WJU@WAMGE@YMGMaA[E@s@e@][Q?q@]G@YEOBIEY?i@EgBc@g@OiDsBO@c@WGMm@UUQSEOQG?o@UK?[IkAIKI[IEEIQQIMKOe@KGSH_@DQF]?]SUIa@i@,2,,80.4,,177.5,288.0,172.0,True,321.3
2,3.75mi Long Run with Roger,6388.6,2743,2886,36.4,Run,Run,13390366957,2025-01-18T17:50:07Z,2025-01-18T12:50:07Z,(GMT-05:00) America/New_York,-18000.0,,,,1,1,0,1,0,False,False,False,False,followers_only,False,,"[42.334397, -71.111078]","[42.335652, -71.109133]",2.329,5.64,True,166.2,179.0,True,True,26.0,3.5,14282094193.0,14282094193,9F88B569-2DC3-40AB-805D-ABA37E0618B9.fit,False,0,0,False,142220621,1,a13390366957,makaGdi`qL~@b@PB^CBGNCBGDCT?NBNd@PJFFXLHFX@FBTAJE`AL\NLJF@`@Tb@\~@VFNH@FFXF`@Rb@b@F@j@XNJhA\P?ZNv@Jn@?\FBEf@BRFF?VFLHBFF@RCN@N@DDNDf@BLAPIFKJGLOZS`@OF@HAL@D^J@DTb@^JFd@Df@XNDb@?NDFHPFb@Vv@N^VTt@Hf@?LGn@@VFN@r@BN?^N`@DXNNBH@\CN@PVxALLFPJLZXLHF@b@DHAP@z@KD@Z@NBRAJED@DJL@NJTFBNDDD?DDFP?LEJE@O`@?MBDGd@?|@Hl@\l@^ZJNDLD@HPNTFFT`@p@j@PHTPNZLPj@jADBH`@Zb@BHXf@JHNPVHv@l@^LN?LIh@Mb@KPCb@MRABED?DCF?FE^Mj@K\ONMNC`@S\Fb@Cb@ORCVMDGTGPFLAdAPFDR?LFZBREl@o@BK@[GkAB]Vw@HGFOFGFKFw@?_@DYl@_BPu@D]Ae@EYUYISMKEMkAiBe@i@Q]KIc@k@[w@y@mAMIi@Ss@@EE]Ba@G_AWg@?u@NUCM@KESE[Om@Me@Sg@IEBCFWZER?HGZARK^o@`AI^GDAJINCRB\?NIFDFJz@@|@Cb@BbAEn@I^MNMH[?a@EYI[McAsA[S]?u@Xg@AKGs@QOKGAAGQMG?KMCS?IDMDi@BGLqAF[Fq@Jg@P}A?gB@SDKEU?]CIEEO@QH{@TKF_@BKAMDWCIDUE[?I?IGQWSUMc@CCIg@Mg@?IW_@Wo@EYIEIQIEQQU[OMmBk@UQUG_AmAQg@Wc@Qk@IMAMGKKg@EEQUC?CGEC[OE?SIk@GK?IDICI?[F_@@E?EGY?e@OW[KCGI_@MCEa@Sc@]OCk@S[Gi@ECGI?QEE@GCUACBg@Ic@FU?k@L[BMHU?CDg@J[RKAk@PMH}@NEDs@TWNm@NGDa@LWEWKGDAHEDUDCOUM]OMO[So@k@IEGGICc@c@[Km@c@KCEBEC{@u@,2,0.0,78.1,,165.4,317.0,165.0,True,453.7
2,Evening Elliptical,0.0,1107,1107,0.0,Elliptical,Elliptical,13375106266,2025-01-17T00:08:47Z,2025-01-16T19:08:47Z,(GMT-05:00) America/Atikokan,-18000.0,,,,0,1,0,1,0,True,False,False,False,everyone,False,,[],[],0.0,0.0,True,138.1,157.0,True,True,0.0,0.0,14265576846.0,14265576846,1ACD75B3-CE81-43A3-B888-DE46D5EC7E3F.fit,False,0,0,False,142220621,1,a13375106266,,2,,,,,,,,
2,400m Repeats with Runna ✅,2784.9,1502,1590,0.0,Run,Run,13389990936,2025-01-14T22:59:25Z,2025-01-14T17:59:25Z,(GMT-05:00) America/New_York,-18000.0,,,,0,1,0,1,0,True,False,False,False,everyone,False,,[],[],1.854,3.04,True,169.7,183.0,True,True,0.0,0.0,14281688929.0,14281688929,F4C37E0B-2F64-42BE-9F23-DCB6D1966F99.fit,False,0,0,False,142220621,1,a13389990936,,2,,71.5,,,,,,
2,400m Repeats with Runna ✅,3667.7,1587,1587,0.0,Run,Run,13357060179,2025-01-14T22:57:49Z,2025-01-14T17:57:49Z,(GMT-05:00) America/New_York,-18000.0,,,,0,1,0,1,0,True,False,False,False,everyone,False,,[],[],2.311,3.18,False,,,False,False,0.0,0.0,14246239859.0,14246239859,f4deddcf-37ee-4981-b4d6-8901ea8ad2e8.fit,False,0,0,False,142220621,1,a13357060179,,2,,,,,,,,
2,Night Weight Training,0.0,2139,2139,0.0,WeightTraining,WeightTraining,13348969954,2025-01-14T03:24:39Z,2025-01-13T22:24:39Z,(GMT-05:00) America/Atikokan,-18000.0,,,,0,1,0,1,0,True,False,False,False,everyone,False,,[],[],0.0,0.0,True,142.6,166.0,True,True,0.0,0.0,14237562122.0,14237562122,C22E61D1-0CC0-4DCC-9A98-4240632E2A9D.fit,False,0,0,False,142220621,1,a13348969954,,2,,,,,,,,
2,First Long Run with Roger and Perry,6272.7,2658,2879,37.3,Run,Run,13319952074,2025-01-10T22:01:42Z,2025-01-10T17:01:42Z,(GMT-05:00) America/New_York,-18000.0,,,,0,1,2,2,0,False,False,False,False,followers_only,False,,"[42.33533, -71.111446]","[42.336119, -71.110101]",2.36,3.64,False,,,False,False,28.5,3.1,14206384603.0,14206384603,95CAA79C-EC99-469F-BDE1-7025FAC48516-activity.fit,False,0,0,False,142220621,1,a13319952074,a|jaGvi`qLHJHZFH`@Z`@PL?\HNHVD^LPJZJJLL@FDH?v@^ZJPNf@VNPJBRTPLj@Vn@^h@NRJL@JDDAPHL?n@JpA?d@DNDLJZLv@j@TJNLT@d@PHDRTD@r@DDBDIDC^E~A\~@@NDz@?TD^NPLL^DHFT@VDRFz@AXLxAXtAHPp@fA@HR^\d@F?HCb@X^Dh@ADC\CR@JAHBXCRBHAFEBJp@TT\B?FLd@Ar@FXCPIf@IZVJRRTHRd@`@NFVAd@Jb@GNKDGDU?w@Ga@Bi@@wAGe@@QEUAc@Di@FQn@gARg@DIJc@D_@HYP_@JIHAN@VLPBRLzA\t@D`@En@?\FFBx@N^@RCNBR?d@Pz@|@n@rALNBLD@NNfAfBZXR`@TVf@z@FDJ\Bt@G\Ut@ITEB]dAIj@?ZCNOf@Yb@Qb@AXFr@AN@VAJGXY\YPS?WIo@KIAWGU?GCYEiAZe@PY?QI[?YDSPYHMHODQJgA^u@HcCl@SCaB{@OQe@{@i@qAEEYm@MQSi@c@]s@_@_@i@O[Y[Ua@i@g@KWM{@Cu@BSDUXi@Q]KKOG@OLYHGLAJBf@VND`@DRGNMNCb@k@Dq@DMLiA?KO_@Kq@DmBEUo@w@c@Wk@QWOe@E]Lm@FKFCAODg@D]?OBS?ICO@[Ae@Oe@i@Ka@CWKQOu@Uo@?Gc@cAMS[UIOE@QOkB[SKKOe@e@KAMOSi@MQCQs@}A_@]YGQACCa@@QKa@AYKCEUGE@MKSGGEe@SQC]UE@c@UEEMGOQ_@Y{@e@OCk@UaAK]?EEOFS?IDG@QDQAs@LSLMNiAx@c@`@SHSNa@`@[f@UZeA^Ob@MDaAi@Yk@WA_@Hi@DWIi@WGEKSYUQSYM[[{@e@G?GCWAUKy@s@EKIG,2,0.0,,,,,,,
2,Rolling 800s with Runna ✅,3265.6,1253,1253,0.0,Run,Run,13312898831,2025-01-10T01:12:07Z,2025-01-09T20:12:07Z,(GMT-05:00) America/New_York,-18000.0,,,,0,0,0,1,0,True,False,False,False,everyone,False,,[],[],2.606,2.96,False,,,False,False,0.0,0.0,14198786888.0,14198786888,c3495311-f0ee-4d69-9575-3e349d9619bc.fit,False,0,0,False,142220621,1,a13312898831,,2,,,,,,,,
2,400m Repeats with Runna ✅,2693.1,1200,1200,0.0,Run,Run,13295602315,2025-01-08T01:21:09Z,2025-01-07T20:21:09Z,(GMT-05:00) America/New_York,-18000.0,,,,0,0,0,1,0,True,False,False,False,everyone,False,,[],[],2.244,3.18,False,,,False,False,0.0,0.0,14180281385.0,14180281385,53727254-489f-4053-8ad0-fd20304d73cd.fit,False,0,0,False,142220621,1,a13295602315,,2,,,,,,,,
2,3mi Easy Run with Runna ✅,4839.5,2001,2001,0.0,Run,Run,13286201226,2025-01-07T00:48:27Z,2025-01-06T19:48:27Z,(GMT-05:00) America/New_York,-18000.0,,,,0,0,0,1,0,True,False,False,False,followers_only,False,,[],[],2.419,2.45,False,,,False,False,0.0,0.0,14170210539.0,14170210539,b03b83cf-22dd-495a-972f-ee6d776c3174.fit,False,0,0,False,142220621,1,a13286201226,,2,0.0,,,,,,,
2,Evening Weight Training,0.0,1262,1262,0.0,WeightTraining,WeightTraining,12887775694,2024-11-12T23:50:47Z,2024-11-12T18:50:47Z,(GMT-05:00) America/Atikokan,-18000.0,,,,0,0,0,1,0,True,False,False,False,everyone,False,,[],[],0.0,0.0,True,155.5,175.0,True,True,0.0,0.0,13742690871.0,13742690871,CC7C2A41-1CEA-4616-A14A-FEB3AAA02448.fit,False,0,0,False,142220621,1,a12887775694,,2,,,,,,,,
2,Evening Run,2325.6,1254,1259,0.0,Run,Run,12887630643,2024-11-12T23:24:30Z,2024-11-12T18:24:30Z,(GMT-05:00) America/Atikokan,-18000.0,,,,0,0,0,1,0,True,False,False,False,everyone,False,,[],[],1.855,3.56,True,165.3,184.0,True,True,0.0,0.0,13742537907.0,13742537907,81F6642A-BF73-48CD-88B2-90CA026D61B3.fit,False,0,0,False,142220621,1,a12887630643,,2,,,,,,,,
2,Evening Pilates,0.0,634,634,0.0,Workout,Pilates,12825162014,2024-11-05T01:10:10Z,2024-11-04T20:10:10Z,(GMT-05:00) America/Atikokan,-18000.0,,,,0,0,0,1,0,True,False,False,False,everyone,False,,[],[],0.0,0.0,True,136.8,159.0,True,True,0.0,0.0,13675442424.0,13675442424,68E212F9-004C-473C-BC36-6CC383F65BEB.fit,False,0,0,False,142220621,1,a12825162014,,2,,,,,,,,
2,Evening Run,1829.7,1240,1260,0.0,Run,Run,12825162324,2024-11-05T00:46:48Z,2024-11-04T19:46:48Z,(GMT-05:00) America/Atikokan,-18000.0,,,,0,0,0,1,0,True,False,False,False,everyone,False,,[],[],1.476,3.62,True,163.6,187.0,True,True,0.0,0.0,13675442427.0,13675442427,D44C52A9-CA91-45E4-89DD-4CD837802D18.fit,False,0,0,False,142220621,1,a12825162324,,2,,,,,,,,
2,Afternoon Run,1896.6,1238,1273,0.0,Run,Run,12807896482,2024-11-02T20:32:24Z,2024-11-02T16:32:24Z,(GMT-04:00) America/Anguilla,-14400.0,,,,0,0,0,1,0,True,False,False,False,everyone,False,,[],[],1.532,3.42,True,163.3,187.0,True,True,0.0,0.0,13656894198.0,13656894198,998FC7CA-88F4-4B41-832A-8BA850E665B9.fit,False,0,0,False,142220621,1,a12807896482,,2,,,,,,,,
2,Evening Pilates,0.0,627,627,0.0,Workout,Pilates,12729850596,2024-10-23T23:43:58Z,2024-10-23T19:43:58Z,(GMT-04:00) America/Anguilla,-14400.0,,,,0,0,0,1,0,True,False,False,False,everyone,False,,[],[],0.0,0.0,True,125.7,136.0,True,True,0.0,0.0,13572692233.0,13572692233,6154325D-0B23-4F31-8034-46FC29CD1AFB.fit,False,0,0,False,142220621,1,a12729850596,,2,,,,,,,,
2,Evening Walk,2177.0,1246,1246,0.0,Walk,Walk,12729784749,2024-10-23T23:20:50Z,2024-10-23T19:20:50Z,(GMT-04:00) America/Anguilla,-14400.0,,,,0,0,0,1,0,True,False,False,False,everyone,False,,[],[],1.747,3.506,True,164.5,189.0,True,True,0.0,0.0,13572623050.0,13572623050,20B6866E-0C75-4673-B491-F8F19FD8AE35.fit,False,0,0,False,142220621,1,a12729784749,,2,,,,,,,,
2,Evening Walk,1073.3,854,1255,0.0,Walk,Walk,12721804902,2024-10-23T00:18:19Z,2024-10-22T20:18:19Z,(GMT-05:00) America/New_York,-14400.0,,,,0,0,0,1,0,False,False,False,False,everyone,False,,"[42.35568263567984, -71.05559729039669]","[42.36043157055974, -71.05918013490736]",1.257,1.442,True,121.6,138.0,True,True,7.4,0.0,13564078825.0,13564078825,41D31166-97A5-4A22-ABC7-4D8F6B20396D.fit,False,0,0,False,142220621,1,a12721804902,eyoaGjeupL_AFkAEeAB{@JcAZa@Tc@jAQhA[n@o@P,2,,,,,,,,
2,Evening Pilates,0.0,647,647,0.0,Workout,Pilates,12712743661,2024-10-21T23:10:45Z,2024-10-21T19:10:45Z,(GMT-04:00) America/Anguilla,-14400.0,,,,0,0,0,1,0,True,False,False,False,everyone,False,,[],[],0.0,0.0,True,132.2,161.0,True,True,0.0,0.0,13554419741.0,13554419741,A4925BF8-11DC-41C6-B914-914ABB796180.fit,False,0,0,False,142220621,1,a12712743661,,2,,,,,,,,
2,Evening Run,2080.9,1211,1211,0.0,Run,Run,12712637283,2024-10-21T22:44:04Z,2024-10-21T18:44:04Z,(GMT-04:00) America/Anguilla,-14400.0,,,,0,0,0,1,0,True,False,False,False,everyone,False,,[],[],1.718,3.606,True,165.7,182.0,True,True,0.0,0.0,13554308277.0,13554308277,A727A2E3-E622-49E2-9B23-6965816AFB30.fit,False,0,0,False,142220621,1,a12712637283,,2,,,,,,,,
2,Evening Pilates,0.0,630,630,0.0,Workout,Pilates,12657047560,2024-10-14T23:01:52Z,2024-10-14T19:01:52Z,(GMT-04:00) America/Anguilla,-14400.0,,,,0,0,0,1,0,True,False,False,False,everyone,False,,[],[],0.0,0.0,True,123.5,136.0,True,True,0.0,0.0,13494662765.0,13494662765,25E0933F-1F4F-4318-8985-288D4244940D.fit,False,0,0,False,142220621,1,a12657047560,,2,,,,,,,,
2,Evening Run,2215.7,1246,1246,0.0,Run,Run,12657047584,2024-10-14T22:33:20Z,2024-10-14T18:33:20Z,(GMT-04:00) America/Anguilla,-14400.0,,,,0,0,0,1,0,True,False,False,False,everyone,False,,[],[],1.778,3.912,True,162.5,185.0,True,True,0.0,0.0,13494662766.0,13494662766,B85EB495-4B40-4D7B-9E0E-993AB4113F4C.fit,False,0,0,False,142220621,1,a12657047584,,2,,,,,,,,
2,Afternoon Walk,2570.8,2366,5047,126.2,Walk,Walk,12632284981,2024-10-11T20:33:48Z,2024-10-11T16:33:48Z,(GMT-05:00) America/Toronto,-14400.0,,,,0,0,0,1,0,False,False,False,False,everyone,False,,"[45.50419829785824, -73.57174177654088]","[45.518938126042485, -73.59411466866732]",1.087,2.591,True,132.6,156.0,True,True,190.0,0.0,13467931281.0,13467931281,E379458E-6CC8-4886-BDB8-F960F85F35CE.fit,False,0,0,False,142220621,1,a12632284981,kvvtGx|``MaBhEa@rAiBhEo@nAsAxEm@nAWdAg@z@_B`DQxAk@v@Q\IJ_@`AC@MVI^Gb@Kb@QPUl@SJSVUj@CNO\w@\k@\QDu@VKFOPNCLO?HEVAtAGZMRQPIDS@?\CPUXKB@DNFJTLHHVHHDhAHd@LTB|@C|@GVE\K\Kv@Oj@Sf@Ad@AJ[t@a@tASzA@LFLHj@BZGl@Jp@?XF^r@rAP~@NNLZH^Ah@If@?PG\?XCXMf@E^Qh@O`AAj@NtAL_@?u@DSFK?WPc@ZYDM?OTk@AM@ED?AACBBG@HC?BA@@ABBACCC@DAA@EEDH?CA@@CE?B@C@@RYv@B^Ox@KZORX^@GQQDIDBIb@m@tBu@|DUt@_@r@WZMJ]LQ@a@?OAOEYSe@o@o@wAk@iBg@sBkCmNAYDoARoA^qAj@}AJg@Bc@C_@MWIEOCO?i@Lm@^k@j@s@jAgB`Ea@p@OTIFAE@Ih@aBVm@GTFX?JGJUDk@Ia@Oi@]eAy@sAoAEAC@WW_@UOAEBMN@Za@x@iDvJ,2,,,,,,,,
2,Evening Walk,1878.9,1553,1892,16.2,Walk,Walk,12625657386,2024-10-10T23:37:49Z,2024-10-10T19:37:49Z,(GMT-05:00) America/Toronto,-14400.0,,,,0,0,0,1,0,False,False,False,False,everyone,False,,"[45.51736149005592, -73.56295678764582]","[45.50805715844035, -73.55236273258924]",1.21,3.371,True,113.2,140.0,True,True,16.2,0.0,13460771263.0,13460771263,10CBAE1D-9B36-4688-B8A1-3463EF8E1E1D.fit,False,0,0,False,142220621,1,a12625657386,m}xtGtn~_M|BgGtIyV`A_D\uA`AcD^o@b@iAZsAZwDpAoGd@_@|BVj@@f@y@ZbBDBt@XbABx@Lz@Vz@PpBr@,2,,,,,,,,
2,Evening Pilates,0.0,633,633,0.0,Workout,Pilates,12617464413,2024-10-09T22:36:59Z,2024-10-09T18:36:59Z,(GMT-04:00) America/Anguilla,-14400.0,,,,0,0,0,1,0,True,False,False,False,everyone,False,,[],[],0.0,0.0,True,134.0,155.0,True,True,0.0,0.0,13451996979.0,13451996979,670177B5-AF71-44BA-BED3-C869671FC4FE.fit,False,0,0,False,142220621,1,a12617464413,,2,,,,,,,,
2,Evening Run,2441.7,1250,1250,0.0,Run,Run,12617388867,2024-10-09T22:12:33Z,2024-10-09T18:12:33Z,(GMT-04:00) America/Anguilla,-14400.0,,,,0,0,0,1,0,True,False,False,False,everyone,False,,[],[],1.953,3.938,True,165.3,188.0,True,True,0.0,0.0,13451918016.0,13451918016,F105F80F-CAB7-41B0-99B9-BCBAFA00F318.fit,False,0,0,False,142220621,1,a12617388867,,2,,,,,,,,
2,Evening Pilates,0.0,642,642,0.0,Workout,Pilates,12601749093,2024-10-08T00:05:05Z,2024-10-07T20:05:05Z,(GMT-04:00) America/Anguilla,-14400.0,,,,0,0,0,1,0,True,False,False,False,everyone,False,,[],[],0.0,0.0,True,146.7,167.0,True,True,0.0,0.0,13435276119.0,13435276119,D70BA55F-F005-4ADD-A095-3160E1E09D87.fit,False,0,0,False,142220621,1,a12601749093,,2,,,,,,,,
2,Evening Run,2298.2,1246,1246,0.0,Run,Run,12601690981,2024-10-07T23:41:26Z,2024-10-07T19:41:26Z,(GMT-04:00) America/Anguilla,-14400.0,,,,0,0,0,1,0,True,False,False,False,everyone,False,,[],[],1.844,4.028,True,171.9,193.0,True,True,0.0,0.0,13435215177.0,13435215177,7BDE003D-332E-495F-803C-1B13CA7BDB7D.fit,False,0,0,False,142220621,1,a12601690981,,2,,,,,,,,
2,Afternoon Run,1867.7,1143,1146,0.0,Run,Run,12584511686,2024-10-05T21:13:01Z,2024-10-05T17:13:01Z,(GMT-04:00) America/Anguilla,-14400.0,,,,0,0,0,1,0,True,False,False,False,everyone,False,,[],[],1.634,3.466,True,168.1,189.0,True,True,0.0,0.0,13416999037.0,13416999037,94A74BFC-6685-485C-A552-380C2F0884F8.fit,False,0,0,False,142220621,1,a12584511686,,2,,,,,,,,
2,Afternoon Run,11.9,115,120,0.0,Run,Run,12584338333,2024-10-05T21:10:26Z,2024-10-05T17:10:26Z,(GMT-04:00) America/Anguilla,-14400.0,,,,0,0,0,1,0,True,False,False,False,everyone,False,,[],[],0.103,0.79,True,106.6,127.0,True,True,0.0,0.0,13416898466.0,13416898466,B0D04114-7ED5-457E-A46D-1BE5B554227B.fit,False,0,0,False,142220621,1,a12584338333,,2,,,,,,,,
2,Afternoon Walk,2001.6,1643,2112,8.8,Walk,Walk,12574792922,2024-10-04T19:00:37Z,2024-10-04T15:00:37Z,(GMT-05:00) America/New_York,-14400.0,,,,0,0,0,1,0,False,False,False,False,everyone,False,,"[42.33556279912591, -71.10854107886553]","[42.34045338816941, -71.08952237293124]",1.218,2.59,True,118.7,130.0,True,True,6.6,0.0,13407248339.0,13407248339,136997AF-AE98-4CCE-A433-BDC844CD4E7A.fit,False,0,0,False,142220621,1,a12574792922,yokaGjb_qLn@mAIwAYkAVy@n@kAHiAQgAc@yAg@uAsA}FYyA_AkD_@kAiAsCg@sBQc@UsA[iA}DaNc@gB[_A]s@Kg@y@iCYqAY}@mB}G,2,,,,,,,,
2,Evening Pilates,0.0,640,640,0.0,Workout,Pilates,12574792677,2024-10-04T00:04:19Z,2024-10-03T20:04:19Z,(GMT-04:00) America/Anguilla,-14400.0,,,,0,0,0,1,0,True,False,False,False,everyone,False,,[],[],0.0,0.0,True,122.0,147.0,True,True,0.0,0.0,13407248109.0,13407248109,2F06631A-4FBF-4AFB-BF56-350F196AB651.fit,False,0,0,False,142220621,1,a12574792677,,2,,,,,,,,
